District,MAPE (%)
Ahmedabad,8.73
Amreli,9.24
Anand,4.58
Aravalli,8.93
Banaskantha,3.66
Bharuch,4.61
Bhavnagar,3.55
Botad,5.75
Chhota Udepur,5.41
Dahod,5.68
Dangs,9.54
Devbhumi Dwarka,8.91
Gandhinagar,8.36
Gir Somnath,5.26
Jamnagar,6.65
Junagadh,4.58
Kachchh,7.76
Kheda,7.25
Mahesana,5.66
Mahisagar,5.95
Morbi,4.9
Narmada,6.18
Navsari,5.24
Panchmahals,4.55
Patan,7.07
Porbandar,6.12
Rajkot,3.88
Sabarkantha,6.22
Surat,6.46
Surendranagar,9.0
Tapi,7.34
Vadodara,2.32
Valsad,6.34
