District,Date,Rent,Utilities,Grocery,Transportation,Healthcare,Education,Internet,Entertainment,Fitness,Dining,Total_Monthly_Expense
Ahmedabad,2023-01-01,11488.44,4027.62,4496.95,1073.05,670.39,4255.32,533.08,1352.24,926.04,1705.11,30528.24
Ahmedabad,2023-02-01,9309.93,3078.34,4875.12,1379.77,962.23,3900.29,567.66,1326.2,1086.03,2303.31,28788.88
Ahmedabad,2023-03-01,9225.59,2866.58,4797.39,1027.29,961.04,3292.26,749.44,1272.2,1128.24,2817.28,28137.31
Ahmedabad,2023-04-01,9696.98,4423.18,4761.77,1492.36,790.62,3353.24,690.58,1945.07,1183.62,2798.49,31135.91
Ahmedabad,2023-05-01,10683.35,2590.45,3559.5,1121.2,742.9,2957.0,621.84,1093.83,1294.01,2948.54,27612.62
Ahmedabad,2023-06-01,10689.66,3091.74,4303.16,1350.65,607.64,3655.99,790.07,1481.61,1020.46,2524.67,29515.65
Ahmedabad,2023-07-01,8506.67,3683.23,4240.25,1157.95,675.68,4829.08,591.02,1029.65,1171.51,2717.54,28602.58
Ahmedabad,2023-08-01,8735.41,3235.8,4120.31,1100.67,697.53,2713.54,799.64,1694.18,1023.01,2093.2,26213.29
Ahmedabad,2023-09-01,10360.28,3330.71,3981.5,1054.06,873.15,3898.4,597.81,1362.43,1438.06,2493.35,29389.75
Ahmedabad,2023-10-01,11367.8,2559.51,4531.91,1446.92,992.14,3470.17,798.97,1381.26,909.86,1657.41,29115.95
Ahmedabad,2023-11-01,8620.08,2518.25,4480.66,1362.67,600.92,3124.94,509.68,1357.43,1081.24,1948.98,25604.85
Ahmedabad,2023-12-01,11909.85,3453.28,3596.23,1285.7,870.38,4199.63,615.26,1114.35,954.86,2985.97,30985.51
Ahmedabad,2024-01-01,11419.05,3923.75,4822.25,1238.76,866.26,4737.15,788.94,1351.22,951.15,2518.4,32616.93
Ahmedabad,2024-02-01,11906.9,3772.78,4538.23,1028.37,612.97,2619.74,573.44,1342.71,1222.61,2484.15,30101.9
Ahmedabad,2024-03-01,11779.62,3025.93,4358.48,1432.87,999.32,2993.35,773.72,1599.78,874.41,2528.97,30366.45
Ahmedabad,2024-04-01,11969.83,4452.26,3836.61,1128.15,958.66,3730.52,737.48,1665.72,1456.88,1675.37,31611.48
Ahmedabad,2024-05-01,7254.68,3567.67,3973.08,1292.41,738.14,3984.83,568.67,1317.54,1297.99,2027.75,26022.76
Ahmedabad,2024-06-01,9640.12,2898.68,4722.88,1004.43,975.47,3419.56,674.94,1737.07,1342.39,1957.09,28372.63
Ahmedabad,2024-07-01,8330.27,3506.95,4711.63,1143.98,610.94,4746.3,722.33,1222.67,1144.36,2674.86,28814.29
Ahmedabad,2024-08-01,10472.16,3814.09,3963.3,1350.98,502.79,4572.02,789.7,1034.05,1364.13,1536.93,29400.15
Ahmedabad,2024-09-01,7896.53,3767.54,3607.19,1005.55,956.32,3302.9,527.71,1053.93,1268.93,1755.71,25142.31
Ahmedabad,2024-10-01,7055.18,2655.15,3569.41,1383.92,721.37,4289.71,782.33,1636.78,813.11,2897.16,25804.12
Ahmedabad,2024-11-01,8036.68,3652.73,3738.0,1371.03,814.34,3202.77,745.32,1551.33,1115.94,2944.12,27172.26
Ahmedabad,2024-12-01,11626.47,3318.54,4546.64,1314.99,993.14,4625.28,731.18,1844.18,1189.36,2112.09,32301.87
Ahmedabad,2025-01-01,11006.64,3844.42,4978.37,1348.66,782.32,4243.69,789.05,1618.66,1198.58,2464.97,32275.36
Ahmedabad,2025-02-01,7757.12,2585.77,3875.93,1499.41,668.47,2812.98,575.13,1993.88,1474.15,2231.45,25474.29
Ahmedabad,2025-03-01,7655.38,4410.43,3871.12,1277.58,634.17,4760.16,747.04,1732.95,823.09,2930.22,28842.14
Amreli,2023-01-01,9502.69,4127.1,4283.52,1299.37,891.42,2562.29,535.59,1530.02,1494.97,2760.44,28987.41
Amreli,2023-02-01,9667.34,4099.87,4449.88,1176.58,814.16,4426.95,598.72,1070.4,965.61,2162.73,29432.24
Amreli,2023-03-01,8546.35,3607.41,3562.71,1217.18,522.31,4666.66,524.25,1580.92,1180.15,2932.72,28340.66
Amreli,2023-04-01,8945.35,4293.3,4233.13,1427.73,865.19,4414.87,668.97,1636.51,809.1,1821.98,29116.13
Amreli,2023-05-01,9041.78,3224.49,4260.87,1383.04,942.27,2523.22,583.24,1766.75,874.01,1747.95,26347.62
Amreli,2023-06-01,7312.83,3981.77,4497.76,1424.31,997.52,3648.51,700.11,1197.21,1176.61,2159.76,27096.39
Amreli,2023-07-01,10172.34,3027.93,3705.71,1077.76,921.18,4944.67,697.64,1342.82,1451.94,2142.4,29484.39
Amreli,2023-08-01,11909.31,4427.16,4392.68,1069.01,794.59,3589.02,507.65,1043.41,1124.91,2798.49,31656.23
Amreli,2023-09-01,11268.99,4359.4,3886.61,1087.58,945.88,3063.23,600.3,1017.49,1052.43,2595.89,29877.8
Amreli,2023-10-01,7121.43,4072.72,4022.84,1003.17,878.92,3443.89,799.69,1761.62,1051.03,2718.61,26873.92
Amreli,2023-11-01,10671.8,3379.6,4394.79,1486.24,849.22,3521.8,666.76,1239.54,845.06,2360.95,29415.76
Amreli,2023-12-01,11058.15,3487.64,3916.08,1435.26,966.38,3672.97,535.21,1352.12,1237.75,2021.86,29683.42
Amreli,2024-01-01,11495.38,4278.71,3963.29,1052.24,779.27,3142.49,714.58,1897.26,1374.56,2552.59,31250.37
Amreli,2024-02-01,7203.85,2945.72,4282.57,1356.11,774.54,4133.2,717.99,1251.36,1333.01,1794.74,25793.09
Amreli,2024-03-01,10678.04,2729.22,3866.82,1321.74,950.28,4841.51,714.13,1018.02,1031.22,2867.51,30018.49
Amreli,2024-04-01,11007.62,3565.78,4391.36,1028.58,959.0,4552.67,520.87,1860.3,810.14,1927.13,30623.45
Amreli,2024-05-01,11356.97,3025.3,3741.91,1017.26,732.53,2689.29,586.4,1307.73,1495.0,2931.98,28884.37
Amreli,2024-06-01,11947.49,3587.86,4481.73,1341.46,550.99,4101.94,601.47,1124.3,1079.6,1942.15,30758.99
Amreli,2024-07-01,10185.1,3526.78,3985.06,1156.22,825.22,4936.08,559.39,1428.27,906.29,2396.21,29904.62
Amreli,2024-08-01,11564.3,2571.47,3941.9,1198.1,888.26,4166.95,547.18,1286.5,862.97,2836.3,29863.93
Amreli,2024-09-01,10366.27,2675.91,4099.72,1409.58,902.26,3926.71,745.3,1760.71,1068.07,2659.77,29614.3
Amreli,2024-10-01,8473.44,4154.72,4046.7,1310.85,567.12,4614.41,582.25,1272.88,1299.01,2809.4,29130.78
Amreli,2024-11-01,9801.14,2616.63,4319.65,1224.44,814.28,3425.05,622.39,1202.25,1257.44,1501.03,26784.3
Amreli,2024-12-01,11260.01,2603.12,4744.77,1006.85,742.77,3103.07,789.02,1595.61,1225.04,2580.51,29650.77
Amreli,2025-01-01,7739.4,3724.92,4098.34,1499.48,790.01,2782.54,754.5,1997.89,1379.02,2142.98,26909.08
Amreli,2025-02-01,11777.28,3086.46,4828.65,1202.85,640.17,4633.46,535.41,1669.55,1033.62,1715.89,31123.34
Amreli,2025-03-01,7228.3,2541.43,3803.06,1308.29,506.67,3278.13,629.77,1676.15,1123.81,2488.51,24584.12
Anand,2023-01-01,9684.52,4216.86,4736.37,1168.71,892.33,4976.56,552.49,1587.86,1244.66,2940.26,32000.62
Anand,2023-02-01,8563.92,2505.87,4505.44,1340.07,628.92,4892.46,712.73,1392.46,1274.96,2549.77,28366.6
Anand,2023-03-01,10422.33,3519.49,4708.35,1436.42,680.08,2644.31,615.68,1502.28,1260.06,2851.49,29640.49
Anand,2023-04-01,7930.28,4479.32,3606.09,1000.99,761.71,4291.43,743.72,1006.24,1083.54,2040.57,26943.89
Anand,2023-05-01,9600.3,2935.29,4857.78,1458.83,560.57,2665.87,799.75,1847.3,1221.49,1552.6,27499.78
Anand,2023-06-01,9191.2,3838.83,4522.33,1178.09,878.13,3159.22,764.31,1960.33,1256.14,2570.72,29319.3
Anand,2023-07-01,11962.22,3441.87,4256.4,1225.06,686.61,3758.49,791.17,1701.88,945.74,2126.69,30896.13
Anand,2023-08-01,7537.56,3258.96,3858.78,1226.49,908.69,4966.57,661.43,1659.46,1238.17,2923.87,28239.98
Anand,2023-09-01,9997.69,2601.08,4341.89,1411.66,691.78,4137.01,730.36,1123.23,827.26,2176.84,28038.8
Anand,2023-10-01,11039.02,4057.56,4261.85,1046.51,589.16,3107.98,608.06,1189.92,1016.19,1873.55,28789.8
Anand,2023-11-01,7488.86,2635.44,3520.25,1339.74,703.26,3476.71,619.49,1100.78,897.37,2307.94,24089.84
Anand,2023-12-01,8458.29,3947.03,4782.23,1374.27,635.49,3273.19,505.29,1357.36,955.24,2642.9,27931.29
Anand,2024-01-01,7765.99,3346.19,4179.06,1012.58,834.77,2622.53,620.98,1670.26,929.7,1725.45,24707.51
Anand,2024-02-01,8142.47,4135.63,4449.14,1394.42,825.3,2574.77,721.64,1896.98,1092.39,1880.85,27113.59
Anand,2024-03-01,7366.14,3860.24,4438.76,1485.06,881.01,3388.34,591.34,1668.22,862.33,2766.41,27307.85
Anand,2024-04-01,10636.92,2886.04,3957.71,1107.12,671.41,3084.95,515.11,1198.19,1039.97,1653.01,26750.43
Anand,2024-05-01,11451.36,3102.13,4538.05,1319.59,981.76,4968.04,612.49,1533.87,1311.17,2321.22,32139.68
Anand,2024-06-01,11459.67,2778.6,3539.75,1248.45,511.61,3548.54,606.37,1983.37,1368.25,2515.11,29559.72
Anand,2024-07-01,8451.16,3574.31,3848.55,1261.59,898.59,3026.87,713.71,1354.61,1182.89,2501.49,26813.77
Anand,2024-08-01,10853.4,3384.25,3675.88,1344.19,542.9,3897.21,523.39,1232.31,1148.53,2885.4,29487.46
Anand,2024-09-01,11512.52,3689.04,4405.2,1022.14,965.61,2821.79,779.54,1820.83,1399.19,2911.83,31327.69
Anand,2024-10-01,8679.64,2743.64,4852.42,1263.41,830.32,4796.12,736.04,1873.06,1287.06,2082.54,29144.25
Anand,2024-11-01,10803.91,4388.15,4167.4,1498.54,555.3,2683.16,686.15,1595.39,1316.37,1832.11,29526.48
Anand,2024-12-01,10521.03,4303.76,3682.55,1136.81,704.75,2710.18,507.52,1569.89,1419.56,1748.04,28304.09
Anand,2025-01-01,8436.5,2717.97,3653.44,1456.5,919.12,4531.16,616.06,1125.42,960.68,2437.11,26853.96
Anand,2025-02-01,9362.41,4384.53,4480.51,1279.08,968.26,4756.84,771.64,1530.02,1330.94,1651.06,30515.29
Anand,2025-03-01,10911.79,3512.67,4722.96,1038.37,783.88,3558.84,664.56,1818.69,836.47,2680.51,30528.74
Aravalli,2023-01-01,10304.92,3536.2,4233.29,1195.61,567.69,3011.26,738.09,1634.7,958.25,2877.84,29057.85
Aravalli,2023-02-01,11074.21,3738.31,4607.94,1135.87,959.89,3235.23,540.28,1331.93,1392.71,2746.49,30762.86
Aravalli,2023-03-01,10740.78,2916.21,4952.51,1200.26,976.67,2852.09,659.6,1862.15,975.63,1653.81,28789.71
Aravalli,2023-04-01,7344.66,4305.85,4901.19,1106.32,952.72,2968.5,764.53,1492.79,1416.73,1859.13,27112.42
Aravalli,2023-05-01,11652.26,4341.58,4130.2,1102.87,821.81,4625.3,515.55,1926.52,1157.37,2077.93,32351.39
Aravalli,2023-06-01,7531.49,3851.73,4415.43,1316.75,931.38,4459.25,784.78,1766.54,1422.77,2253.29,28733.41
Aravalli,2023-07-01,9002.96,3110.9,4579.01,1040.89,549.6,4690.97,500.89,1354.13,1417.13,2367.31,28613.79
Aravalli,2023-08-01,7990.93,3359.32,4107.38,1006.82,515.1,2643.86,679.82,1361.86,1242.24,1974.72,24882.05
Aravalli,2023-09-01,11310.84,3037.94,4591.3,1078.69,941.27,4950.49,676.02,1147.51,1485.75,1954.36,31174.17
Aravalli,2023-10-01,7042.19,4480.94,4236.03,1026.67,724.19,2981.01,737.63,1874.34,826.52,2982.71,26912.23
Aravalli,2023-11-01,8535.24,3892.73,3832.58,1064.81,925.74,3563.93,732.5,1512.45,1046.99,2526.66,27633.63
Aravalli,2023-12-01,10751.75,3415.05,4502.63,1294.94,579.01,4956.2,629.02,1124.23,868.02,2038.08,30158.93
Aravalli,2024-01-01,8506.57,2758.25,4956.32,1405.08,823.63,4578.89,796.38,1958.1,905.66,2967.03,29655.91
Aravalli,2024-02-01,7124.72,2550.3,4803.78,1432.46,708.99,4215.61,778.9,1377.07,1090.79,2989.02,27071.64
Aravalli,2024-03-01,8336.94,4445.28,4545.27,1295.97,990.33,4282.78,723.68,1894.21,916.9,1912.53,29343.89
Aravalli,2024-04-01,10832.62,4240.84,4169.98,1331.29,893.08,4090.89,655.52,1136.31,929.59,2371.61,30651.73
Aravalli,2024-05-01,9542.06,3601.32,4157.64,1469.87,780.58,2851.49,726.96,1212.55,1465.19,2896.05,28703.71
Aravalli,2024-06-01,9899.39,3752.12,4667.93,1455.34,785.12,4263.2,540.64,1696.94,1364.01,1850.83,30275.52
Aravalli,2024-07-01,7089.83,3650.67,4083.02,1350.57,566.42,3633.12,790.9,1314.74,1049.27,2320.39,25848.93
Aravalli,2024-08-01,7369.94,3438.27,4027.94,1186.46,756.78,2594.52,753.5,1421.19,1219.95,1767.54,24536.09
Aravalli,2024-09-01,8127.03,2652.55,3989.53,1472.56,731.98,4535.92,630.0,1974.92,1384.76,2929.93,28429.18
Aravalli,2024-10-01,7544.06,4216.37,4648.56,1143.05,662.1,2914.73,589.45,1355.03,1120.96,2246.27,26440.58
Aravalli,2024-11-01,7671.91,3444.67,3561.49,1371.04,992.94,3026.81,662.21,1717.19,1337.96,1719.95,25506.17
Aravalli,2024-12-01,10523.7,4230.21,4681.85,1100.55,928.25,4846.29,538.67,1189.57,977.36,2650.86,31667.31
Aravalli,2025-01-01,10402.08,2577.01,3848.0,1006.52,814.18,4222.84,667.89,1978.44,1489.24,2156.04,29162.24
Aravalli,2025-02-01,8788.39,3582.51,4762.65,1465.44,852.09,4725.64,612.7,1695.96,1252.78,2685.95,30424.11
Aravalli,2025-03-01,10838.98,2515.44,4844.73,1137.71,849.55,4267.83,609.78,1964.77,932.89,2776.27,30737.95
Banaskantha,2023-01-01,10633.97,3219.05,3895.38,1206.23,711.8,4713.77,745.77,1583.5,1487.99,2638.89,30836.35
Banaskantha,2023-02-01,10359.18,3275.83,4161.7,1211.43,846.11,4322.96,606.05,1287.02,1174.46,1540.71,28785.45
Banaskantha,2023-03-01,9773.22,3816.03,4093.82,1180.61,617.77,4518.2,778.41,1513.32,1115.27,2722.76,30129.41
Banaskantha,2023-04-01,8128.36,3268.85,3675.73,1023.34,908.93,3021.21,666.71,1659.36,969.96,2669.57,25992.02
Banaskantha,2023-05-01,10482.51,4242.4,4276.02,1348.63,605.51,4694.69,579.77,1744.22,1286.83,2274.03,31534.61
Banaskantha,2023-06-01,10711.44,3783.59,4102.45,1045.19,721.44,3344.19,646.18,1804.63,851.07,2884.34,29894.52
Banaskantha,2023-07-01,10401.23,2911.19,3842.07,1155.58,839.34,4315.34,714.12,1573.58,1018.86,2259.09,29030.4
Banaskantha,2023-08-01,10725.74,4054.13,4999.03,1374.95,924.89,2966.88,720.39,1913.29,1481.19,2881.17,32041.66
Banaskantha,2023-09-01,7086.09,3725.23,3984.03,1459.07,604.1,3070.72,502.68,1823.44,1224.4,2641.24,26121.0
Banaskantha,2023-10-01,11238.42,3970.46,4251.02,1089.81,500.1,4601.89,706.2,1020.32,969.54,2706.52,31054.28
Banaskantha,2023-11-01,11450.39,2969.67,4046.41,1103.95,874.73,4251.45,799.34,1128.22,976.8,2513.59,30114.55
Banaskantha,2023-12-01,9293.02,3162.36,3648.97,1213.28,569.32,3202.62,500.46,1425.54,936.92,1502.92,25455.41
Banaskantha,2024-01-01,7788.71,3594.25,3558.09,1336.88,690.89,3771.96,786.54,1371.71,828.3,2123.72,25851.05
Banaskantha,2024-02-01,7336.53,3593.89,4416.9,1188.71,812.62,4446.36,673.58,1610.02,1483.78,2991.44,28553.83
Banaskantha,2024-03-01,8279.63,3371.3,4904.2,1168.65,862.45,3720.86,704.72,1699.63,1143.69,2510.22,28365.35
Banaskantha,2024-04-01,9023.43,3507.99,4088.16,1087.32,576.56,2570.75,569.08,1103.78,898.03,2306.97,25732.07
Banaskantha,2024-05-01,11399.5,4190.83,4191.42,1220.34,979.56,2970.88,565.85,1494.27,1033.04,1700.2,29745.89
Banaskantha,2024-06-01,9552.35,2743.61,4389.86,1137.21,584.03,3058.51,591.22,1540.18,1356.68,2135.46,27089.11
Banaskantha,2024-07-01,7650.76,2773.42,4932.68,1114.86,824.19,3173.58,797.23,1334.4,1198.03,1619.3,25418.45
Banaskantha,2024-08-01,11169.6,4499.65,4709.76,1030.04,559.67,3424.62,661.9,1029.69,1067.78,2613.59,30766.3
Banaskantha,2024-09-01,9971.57,4257.87,3556.22,1447.56,540.03,4423.77,589.3,1903.26,980.43,2055.68,29725.69
Banaskantha,2024-10-01,10580.14,2829.53,4853.15,1405.34,598.98,2759.59,585.88,1959.86,1464.64,1624.2,28661.31
Banaskantha,2024-11-01,8012.19,4296.99,3668.21,1456.36,626.34,3426.04,630.59,1744.27,896.69,2028.2,26785.88
Banaskantha,2024-12-01,9577.34,3873.6,3909.82,1466.49,543.11,3371.04,609.21,1173.27,1263.64,2078.21,27865.73
Banaskantha,2025-01-01,10531.39,3177.7,4172.1,1152.36,996.26,2820.5,739.9,1543.49,1470.57,2972.17,29576.44
Banaskantha,2025-02-01,8018.91,4198.23,4184.64,1393.91,979.88,3099.12,724.61,1503.84,1402.35,2766.01,28271.5
Banaskantha,2025-03-01,8305.87,3099.68,4760.54,1052.06,908.09,2685.96,674.56,1554.47,1220.05,2157.3,26418.58
Bharuch,2023-01-01,7973.88,2581.58,3830.26,1193.73,893.72,2923.31,748.59,1320.12,1030.5,2954.17,25449.86
Bharuch,2023-02-01,9604.21,3669.56,4343.48,1342.8,912.7,2940.63,533.26,1020.17,965.8,2471.2,27803.81
Bharuch,2023-03-01,9103.08,3055.85,3512.53,1354.67,777.36,3709.74,707.59,1611.08,852.55,2121.6,26806.05
Bharuch,2023-04-01,8370.44,3978.49,4334.84,1277.06,815.97,4185.97,799.16,1837.94,1178.66,2203.25,28981.78
Bharuch,2023-05-01,7130.89,4292.65,4108.59,1476.69,717.14,3533.53,612.52,1401.47,1039.28,2520.91,26833.67
Bharuch,2023-06-01,10791.86,3627.86,3793.05,1288.16,824.64,4258.98,754.73,1075.67,1172.73,2078.09,29665.77
Bharuch,2023-07-01,10908.69,3406.23,3584.28,1158.83,841.29,2564.46,615.0,1198.5,1060.83,2507.07,27845.18
Bharuch,2023-08-01,10315.37,2721.17,3628.57,1097.97,784.77,2975.89,727.13,1285.65,861.07,1853.24,26250.83
Bharuch,2023-09-01,7078.58,3905.13,4756.83,1149.98,525.41,4614.82,508.33,1518.16,1154.27,2381.43,27592.94
Bharuch,2023-10-01,8382.87,3680.73,4872.06,1169.88,798.87,2651.4,542.16,1404.14,1027.94,1856.48,26386.53
Bharuch,2023-11-01,9708.63,2759.19,4358.27,1397.81,655.92,2690.33,654.16,1702.82,831.93,2564.57,27323.63
Bharuch,2023-12-01,11340.31,3872.1,4690.96,1268.28,569.73,3488.9,658.59,1868.2,964.67,1534.83,30256.57
Bharuch,2024-01-01,10326.53,4250.54,4463.37,1444.78,864.39,2704.45,708.41,1166.22,1332.51,2353.92,29615.12
Bharuch,2024-02-01,10357.83,4228.77,4997.38,1031.99,636.32,4862.62,700.74,1589.34,1145.3,1847.26,31397.55
Bharuch,2024-03-01,8691.29,4265.94,4517.68,1430.66,982.88,3672.88,746.47,1092.74,1345.75,2855.01,29601.3
Bharuch,2024-04-01,7995.22,3043.04,3718.77,1349.16,682.82,4628.01,781.68,1705.98,1091.13,2496.58,27492.39
Bharuch,2024-05-01,7411.23,2766.71,4705.65,1120.85,961.44,4557.13,761.93,1525.27,888.31,2008.29,26706.81
Bharuch,2024-06-01,11211.75,4039.61,3657.47,1172.93,675.95,3463.51,736.29,1770.56,924.07,1852.23,29504.37
Bharuch,2024-07-01,7033.8,3536.27,3684.69,1137.14,710.12,3029.99,523.78,1771.25,1055.46,2183.13,24665.63
Bharuch,2024-08-01,8985.3,3688.76,3752.86,1027.96,568.26,3281.63,535.68,1442.19,1459.06,2896.72,27638.42
Bharuch,2024-09-01,11607.85,2829.07,3605.36,1283.28,639.93,3665.88,559.88,1957.46,1321.55,1508.14,28978.4
Bharuch,2024-10-01,7438.04,3933.88,3763.77,1368.69,738.08,4917.88,562.27,1501.69,1309.62,1898.32,27432.24
Bharuch,2024-11-01,9153.31,4171.07,4024.75,1265.7,911.86,3237.46,724.38,1228.94,872.58,2586.47,28176.52
Bharuch,2024-12-01,7849.03,4094.1,4329.62,1374.76,560.31,3400.12,779.19,1423.83,1104.77,2259.7,27175.43
Bharuch,2025-01-01,9269.18,4109.75,4381.97,1232.41,642.25,4410.56,639.55,1667.57,1087.95,2273.68,29714.87
Bharuch,2025-02-01,10610.18,4054.86,4911.44,1291.84,931.25,4075.58,787.79,1176.51,1069.98,2140.24,31049.67
Bharuch,2025-03-01,11806.71,3363.11,3819.44,1488.05,989.19,4070.96,730.93,1196.94,1328.77,1817.17,30611.27
Bhavnagar,2023-01-01,8529.53,3819.61,3723.42,1014.67,843.97,4342.95,587.53,1045.71,1430.54,1833.79,27171.72
Bhavnagar,2023-02-01,11995.27,3828.37,3572.5,1234.39,640.02,3353.63,730.05,1903.74,1429.44,1765.71,30453.12
Bhavnagar,2023-03-01,7020.28,3149.57,4581.43,1182.34,501.65,4491.03,775.91,1307.05,1204.17,1816.09,26029.52
Bhavnagar,2023-04-01,11869.57,4180.2,4072.22,1214.56,777.28,4791.62,538.1,1317.33,1268.8,2783.22,32812.9
Bhavnagar,2023-05-01,9331.58,3538.85,4924.03,1366.91,854.79,4611.34,785.77,1879.05,1336.9,1513.39,30142.61
Bhavnagar,2023-06-01,11145.98,3800.69,3784.64,1344.09,522.8,3160.92,571.27,1020.24,991.63,2991.5,29333.76
Bhavnagar,2023-07-01,10535.22,4249.25,4216.18,1211.11,657.33,4027.23,655.24,1547.01,887.14,2123.9,30109.61
Bhavnagar,2023-08-01,10054.63,3048.18,3850.48,1486.39,836.78,3393.69,600.3,1775.73,1359.78,1978.41,28384.37
Bhavnagar,2023-09-01,10260.34,2854.84,4466.2,1471.46,919.84,3840.7,620.87,1273.05,1309.11,2736.81,29753.22
Bhavnagar,2023-10-01,9734.14,3823.6,3959.17,1248.25,501.83,3000.75,760.29,1894.1,1108.57,2228.05,28258.75
Bhavnagar,2023-11-01,7178.14,3828.42,4457.39,1261.89,521.63,3004.56,799.85,1058.93,1366.67,1775.14,25252.62
Bhavnagar,2023-12-01,8369.9,4413.01,3945.54,1075.76,528.75,3676.33,523.63,1011.81,1326.6,2935.94,27807.27
Bhavnagar,2024-01-01,10960.26,3770.78,4752.61,1274.55,980.44,2766.79,691.77,1976.18,1249.52,1783.01,30205.91
Bhavnagar,2024-02-01,8791.82,3163.78,4027.05,1421.74,724.55,2655.84,559.22,1746.9,1421.88,1587.65,26100.43
Bhavnagar,2024-03-01,7316.69,3205.59,4928.61,1037.99,955.2,4937.36,534.6,1608.57,807.94,2760.11,28092.66
Bhavnagar,2024-04-01,7555.8,2515.5,3957.02,1448.38,794.85,4407.72,783.3,1758.16,1319.68,1605.74,26146.15
Bhavnagar,2024-05-01,7980.6,4103.91,4675.57,1354.94,979.19,3117.2,685.51,1252.35,1408.84,2100.56,27658.67
Bhavnagar,2024-06-01,9636.32,3687.54,4580.53,1467.91,887.37,4490.85,532.77,1533.66,1030.5,1511.92,29359.37
Bhavnagar,2024-07-01,9493.14,4137.76,4601.92,1236.59,837.47,3253.76,598.61,1179.4,808.94,1831.8,27979.39
Bhavnagar,2024-08-01,7079.35,4494.21,4107.38,1434.67,524.19,3561.82,669.76,1591.79,951.61,2242.36,26657.14
Bhavnagar,2024-09-01,10831.15,3327.48,4015.15,1192.99,813.87,2908.3,676.3,1489.82,913.66,2116.15,28284.87
Bhavnagar,2024-10-01,8517.51,3143.12,4415.23,1227.03,997.0,3415.59,711.72,1384.01,981.19,2929.16,27721.56
Bhavnagar,2024-11-01,8908.91,4173.64,4237.37,1402.57,822.47,2825.48,535.52,1582.23,829.34,2991.39,28308.92
Bhavnagar,2024-12-01,8468.29,3486.86,4484.42,1258.75,972.21,3527.58,739.86,1039.05,890.84,2708.6,27576.46
Bhavnagar,2025-01-01,9063.55,3606.09,4347.45,1001.08,967.78,4250.59,783.11,1517.53,1165.59,2660.81,29363.58
Bhavnagar,2025-02-01,7854.65,3137.22,4295.03,1459.95,506.2,4227.3,552.62,1376.24,1443.92,2565.03,27418.16
Bhavnagar,2025-03-01,8024.17,3018.99,3599.06,1386.87,736.96,3753.65,547.39,1118.73,989.33,2626.33,25801.48
Botad,2023-01-01,9273.94,2685.69,4532.98,1180.27,519.65,3429.15,611.56,1979.46,1385.13,1824.98,27422.81
Botad,2023-02-01,10508.78,3301.86,3678.13,1429.82,554.05,2958.36,737.69,1423.19,1421.32,1628.43,27641.63
Botad,2023-03-01,9085.76,3519.54,4851.92,1128.5,803.42,4186.28,523.79,1295.24,1267.22,2941.42,29603.09
Botad,2023-04-01,8107.89,3946.82,4010.48,1189.28,834.62,2959.85,612.62,1541.42,887.71,2635.67,26726.36
Botad,2023-05-01,7062.83,3268.74,3551.48,1490.86,522.07,4189.24,659.01,1609.15,1291.1,2441.23,26085.71
Botad,2023-06-01,11704.45,3512.42,4321.34,1394.59,591.48,4824.03,667.74,1304.86,1028.79,2525.22,31874.92
Botad,2023-07-01,11521.44,4053.59,3834.77,1158.88,863.49,4700.39,540.91,1627.37,1106.21,2508.45,31915.5
Botad,2023-08-01,8020.59,3236.84,4388.66,1026.74,834.41,3006.46,762.39,1135.13,1155.83,2034.41,25601.46
Botad,2023-09-01,9181.81,4241.66,4800.26,1052.01,675.38,3533.19,636.03,1435.44,1181.99,1602.8,28340.57
Botad,2023-10-01,10855.69,3373.29,3652.53,1009.57,610.76,4844.3,676.49,1832.01,885.83,2816.67,30557.14
Botad,2023-11-01,10236.48,3671.51,4347.94,1214.03,637.9,4906.05,753.31,1593.34,833.7,1564.04,29758.3
Botad,2023-12-01,10146.12,4445.5,4142.32,1286.5,574.97,4389.39,791.03,1176.57,1023.97,2304.63,30281.0
Botad,2024-01-01,8526.94,4433.18,4556.83,1015.04,535.43,2656.78,576.18,1024.44,1004.97,1923.17,26252.96
Botad,2024-02-01,11686.27,4404.04,4732.34,1488.75,562.55,4324.31,592.27,1630.88,1375.83,2921.28,33718.52
Botad,2024-03-01,11843.02,3319.45,4557.02,1128.49,527.71,4592.75,712.68,1697.87,874.31,2806.72,32060.02
Botad,2024-04-01,11223.05,3928.23,4353.15,1284.18,616.97,3072.74,645.67,1892.1,902.64,2466.87,30385.6
Botad,2024-05-01,8086.61,3632.52,4864.45,1187.74,638.72,3745.07,522.67,1441.44,1410.17,2503.92,28033.31
Botad,2024-06-01,8642.07,2932.78,4680.72,1057.07,762.23,3993.14,706.04,1861.48,1227.61,2299.42,28162.56
Botad,2024-07-01,10983.12,3380.46,3559.01,1246.82,895.31,3728.89,505.08,1857.09,899.25,2178.75,29233.78
Botad,2024-08-01,11967.8,3963.86,4364.9,1381.74,930.24,3953.48,624.24,1775.14,862.49,1747.39,31571.28
Botad,2024-09-01,7619.84,4353.16,3507.36,1050.04,748.94,2607.13,751.39,1473.58,818.1,2953.09,25882.63
Botad,2024-10-01,7392.73,3837.79,3561.25,1196.83,510.47,4884.02,725.2,1343.36,1238.02,2458.65,27148.32
Botad,2024-11-01,10509.52,4206.25,4751.16,1213.12,823.3,3999.95,622.95,1674.94,891.56,1991.63,30684.38
Botad,2024-12-01,8059.01,3296.6,4448.53,1401.16,754.45,4181.85,639.82,1527.48,1036.61,2948.8,28294.31
Botad,2025-01-01,8688.4,3913.3,3519.29,1394.18,957.14,3536.92,562.4,1034.46,1000.26,2818.2,27424.55
Botad,2025-02-01,10445.26,3867.4,4081.45,1262.25,687.21,2806.3,742.86,1876.6,1001.34,2468.81,29239.48
Botad,2025-03-01,9379.38,4279.85,4471.17,1082.61,787.67,2501.9,569.2,1751.06,1387.15,2947.73,29157.72
Chhota Udepur,2023-01-01,7912.86,4033.03,3702.07,1492.73,997.22,3252.82,543.28,1984.23,1444.78,2536.2,27899.22
Chhota Udepur,2023-02-01,10060.51,3609.53,4646.08,1332.92,918.03,3249.32,616.36,1777.32,1110.44,2039.73,29360.24
Chhota Udepur,2023-03-01,7036.91,3797.43,4986.96,1090.51,717.17,4888.69,583.28,1614.46,1493.19,1904.93,28113.53
Chhota Udepur,2023-04-01,8927.12,3022.3,4675.16,1268.96,768.64,4847.8,507.05,1754.48,1130.96,1727.35,28629.82
Chhota Udepur,2023-05-01,9682.39,2548.61,4882.74,1480.58,622.02,4811.88,551.91,1949.94,1491.91,1671.34,29693.32
Chhota Udepur,2023-06-01,8755.77,3372.08,4285.51,1478.58,976.26,2640.65,538.87,1533.71,1429.53,2615.21,27626.17
Chhota Udepur,2023-07-01,8502.14,2605.01,3570.98,1073.76,994.82,4119.64,626.3,1511.15,1492.39,2367.69,26863.88
Chhota Udepur,2023-08-01,10149.63,3527.02,3559.77,1294.13,767.66,4674.53,631.97,1371.08,1120.64,1611.16,28707.59
Chhota Udepur,2023-09-01,8170.81,3148.84,3943.13,1295.67,662.24,3963.32,781.06,1121.44,1093.83,1887.2,26067.54
Chhota Udepur,2023-10-01,11984.85,3762.49,4221.13,1045.32,535.05,4149.61,737.85,1680.41,1119.76,2245.36,31481.83
Chhota Udepur,2023-11-01,9735.57,2932.47,4896.03,1301.62,815.19,2598.8,554.85,1018.6,913.59,2450.94,27217.66
Chhota Udepur,2023-12-01,10410.3,3590.87,4129.71,1147.61,957.46,3695.35,716.85,1415.35,1176.84,2391.71,29632.05
Chhota Udepur,2024-01-01,9969.43,4334.33,4310.58,1083.18,828.98,3991.42,574.01,1654.03,1357.31,1511.78,29615.05
Chhota Udepur,2024-02-01,8231.32,4196.82,3568.25,1463.8,701.77,4623.62,773.02,1126.31,1343.1,2082.75,28110.76
Chhota Udepur,2024-03-01,8369.77,2567.61,3989.86,1170.74,724.51,3748.93,640.1,1564.51,1212.9,1931.75,25920.68
Chhota Udepur,2024-04-01,10224.15,3668.64,4025.82,1405.88,528.45,2990.11,737.92,1975.61,1392.22,2004.95,28953.75
Chhota Udepur,2024-05-01,7718.54,3369.93,4916.7,1451.65,584.81,3181.5,653.39,1162.74,974.31,1703.56,25717.13
Chhota Udepur,2024-06-01,9091.65,4460.56,3540.1,1064.75,582.35,2671.65,758.03,1430.8,1060.31,1897.91,26558.11
Chhota Udepur,2024-07-01,9767.12,2916.66,3715.12,1368.96,782.01,4391.22,777.27,1799.95,1291.9,1664.21,28474.42
Chhota Udepur,2024-08-01,8585.94,2879.92,4813.89,1290.39,702.77,3675.21,628.95,1571.22,1200.92,2309.93,27659.14
Chhota Udepur,2024-09-01,10877.95,3930.55,4512.2,1481.15,956.58,3778.66,512.23,1494.25,1426.81,2854.44,31824.82
Chhota Udepur,2024-10-01,11680.91,3335.16,4748.58,1192.7,815.95,2701.33,586.6,1047.39,1319.2,1881.01,29308.83
Chhota Udepur,2024-11-01,9642.68,2935.08,4599.49,1479.14,743.38,3377.6,680.18,1100.6,945.37,1799.36,27302.88
Chhota Udepur,2024-12-01,7618.78,3246.99,4310.43,1257.65,815.01,3884.65,525.84,1951.25,1291.04,2682.1,27583.74
Chhota Udepur,2025-01-01,11505.51,3601.63,4874.44,1300.84,991.24,4081.18,554.86,1386.1,1116.57,2785.52,32197.89
Chhota Udepur,2025-02-01,10522.97,3433.0,4493.54,1107.62,784.08,3711.68,610.53,1032.68,904.1,2922.95,29523.15
Chhota Udepur,2025-03-01,8114.98,3674.59,3917.66,1491.25,963.29,2625.15,540.36,1823.11,1441.65,1937.97,26530.01
Dahod,2023-01-01,7579.19,4282.49,4502.99,1078.12,737.9,4676.45,565.26,1716.63,822.5,1562.71,27524.24
Dahod,2023-02-01,8253.09,3582.63,4531.12,1242.14,796.5,3342.22,521.64,1107.67,1498.0,2618.38,27493.39
Dahod,2023-03-01,8814.06,3536.78,4897.1,1476.02,982.39,4498.22,745.55,1377.81,898.35,2541.29,29767.57
Dahod,2023-04-01,8411.12,4172.74,4508.48,1142.33,516.05,2969.86,584.4,1660.65,823.74,2781.08,27570.45
Dahod,2023-05-01,11235.47,3901.25,4758.47,1137.53,800.16,3408.52,619.31,1594.97,1140.03,2280.12,30875.83
Dahod,2023-06-01,8543.87,2630.11,4823.48,1134.45,857.81,3614.41,558.17,1765.15,936.87,2486.28,27350.6
Dahod,2023-07-01,10143.77,3824.88,4761.96,1437.56,908.04,3172.34,744.9,1491.09,904.63,2167.0,29556.17
Dahod,2023-08-01,7675.31,4381.57,4310.0,1324.71,872.5,4531.19,717.73,1848.13,853.86,1798.71,28313.71
Dahod,2023-09-01,7735.92,3632.15,3653.48,1179.68,616.88,4497.27,507.23,1918.62,821.55,2058.95,26621.73
Dahod,2023-10-01,11376.57,2637.03,4925.7,1459.09,604.08,2579.73,634.7,1461.93,1180.72,1532.95,28392.5
Dahod,2023-11-01,8596.13,2978.04,4196.99,1030.34,881.47,2965.13,795.93,1000.45,815.06,1904.59,25164.13
Dahod,2023-12-01,9383.46,4186.07,4774.72,1422.27,985.59,3586.42,694.03,1496.33,1162.21,2313.13,30004.23
Dahod,2024-01-01,9284.62,3495.96,4075.81,1309.55,584.6,4640.97,550.82,1929.5,943.8,2495.56,29311.19
Dahod,2024-02-01,11065.87,2951.97,3962.61,1308.92,790.44,3723.04,749.2,1981.4,1007.65,2330.17,29871.27
Dahod,2024-03-01,10023.25,3826.73,4101.16,1012.82,975.57,3173.68,549.67,1921.18,1187.29,1770.78,28542.13
Dahod,2024-04-01,9338.02,2703.84,3713.84,1308.99,610.92,3812.98,685.43,1969.95,939.88,1960.43,27044.28
Dahod,2024-05-01,11975.42,2990.66,3809.86,1157.49,582.55,4976.91,511.27,1721.43,1236.05,2153.2,31114.84
Dahod,2024-06-01,8860.37,4324.78,3925.11,1143.33,847.99,2861.99,739.43,1233.1,1091.53,1726.17,26753.8
Dahod,2024-07-01,8615.08,2832.59,3595.14,1120.1,814.83,4900.23,550.34,1750.78,816.37,1932.51,26927.97
Dahod,2024-08-01,7427.49,3666.29,3955.15,1100.28,536.75,4391.19,539.74,1851.62,944.18,2079.18,26491.87
Dahod,2024-09-01,9593.45,3095.75,3660.28,1283.64,702.44,3179.81,731.58,1291.34,1097.89,2269.36,26905.54
Dahod,2024-10-01,10293.74,3588.91,3934.07,1456.17,543.13,3030.46,745.1,1096.89,1003.92,2842.9,28535.29
Dahod,2024-11-01,8312.01,2989.24,4772.56,1284.72,751.82,2508.95,639.96,1829.58,1282.65,2107.46,26478.95
Dahod,2024-12-01,9007.89,3352.82,4477.11,1406.52,538.1,2714.92,582.06,1452.45,1394.78,1723.97,26650.62
Dahod,2025-01-01,10786.34,3966.25,4206.75,1065.48,912.21,4357.34,537.91,1742.24,1218.29,2950.48,31743.29
Dahod,2025-02-01,8834.79,4384.35,3547.24,1439.5,577.89,4240.57,624.72,1695.06,1310.81,2939.92,29594.85
Dahod,2025-03-01,8744.39,2601.4,3956.61,1194.73,751.59,4487.7,661.37,1099.98,1107.79,2068.72,26674.28
Dangs,2023-01-01,10508.74,3600.18,4201.08,1182.82,616.38,4444.97,695.02,1324.46,1138.58,2828.84,30541.07
Dangs,2023-02-01,11526.07,3347.99,3681.32,1411.71,534.1,4312.71,527.84,1178.96,1262.42,2711.42,30494.54
Dangs,2023-03-01,11851.73,3512.8,4371.77,1211.71,874.52,2774.45,702.24,1170.41,1493.34,2329.74,30292.71
Dangs,2023-04-01,8205.14,3179.47,3529.73,1290.78,893.44,4976.01,559.81,1779.64,1274.27,2885.34,28573.63
Dangs,2023-05-01,10505.65,4383.47,3938.73,1499.6,975.87,2848.99,656.43,1137.01,1457.91,2062.44,29466.1
Dangs,2023-06-01,7104.55,2645.97,3537.53,1387.19,624.81,3005.95,550.0,1163.08,1450.84,2867.87,24337.79
Dangs,2023-07-01,9968.79,2569.11,4117.43,1394.91,519.43,2969.78,580.92,1629.73,941.45,1928.02,26619.57
Dangs,2023-08-01,10599.8,4165.09,3780.14,1461.9,981.8,2807.02,684.84,1700.11,869.73,2834.41,29884.84
Dangs,2023-09-01,11055.07,3351.17,4151.31,1421.97,771.37,4838.73,784.22,1044.47,1203.67,2574.16,31196.14
Dangs,2023-10-01,11555.31,3954.84,4567.6,1430.58,741.35,3533.93,539.29,1809.59,1178.55,1970.38,31281.42
Dangs,2023-11-01,10121.26,3265.11,4388.09,1330.12,964.39,2646.07,658.04,1576.32,1299.62,1526.85,27775.87
Dangs,2023-12-01,10462.12,3732.07,4803.78,1174.44,810.12,4359.02,504.56,1621.46,1322.17,1512.61,30302.35
Dangs,2024-01-01,11588.97,4270.54,4991.83,1035.7,718.31,3895.6,726.71,1745.91,1307.0,2325.18,32605.75
Dangs,2024-02-01,10818.5,3829.52,4175.85,1304.64,547.36,3608.56,528.84,1656.53,903.63,2720.58,30094.01
Dangs,2024-03-01,9234.98,3082.65,4309.48,1077.49,864.52,4903.18,584.54,1663.28,1188.74,2961.7,29870.56
Dangs,2024-04-01,10872.04,3425.88,3863.74,1320.26,696.47,2703.74,798.55,1979.86,1482.99,1824.24,28967.77
Dangs,2024-05-01,7566.68,3409.13,3910.58,1094.58,761.97,3479.57,749.78,1958.79,1214.16,2313.21,26458.45
Dangs,2024-06-01,9895.1,3760.81,3758.09,1097.14,810.45,2671.89,709.52,1263.4,969.98,1962.31,26898.69
Dangs,2024-07-01,7311.03,2521.4,4214.14,1295.17,694.66,2633.64,711.41,1990.96,840.7,2598.21,24811.32
Dangs,2024-08-01,11190.34,3479.84,4789.81,1473.58,769.37,2869.88,798.9,1713.58,1210.65,2953.33,31249.28
Dangs,2024-09-01,7651.26,3054.91,4499.45,1111.13,607.96,2521.34,594.57,1667.23,875.93,1528.89,24112.67
Dangs,2024-10-01,11411.31,3503.14,4649.13,1352.58,854.79,4840.2,545.92,1282.94,828.21,1779.65,31047.87
Dangs,2024-11-01,11810.12,4361.21,4780.19,1122.22,988.5,4378.94,626.4,1697.55,1266.38,2767.35,33798.86
Dangs,2024-12-01,11837.03,3973.22,3502.5,1019.83,519.39,3290.15,654.29,1963.33,1441.05,2695.21,30896.0
Dangs,2025-01-01,10201.92,2903.04,3782.11,1034.35,531.39,3359.85,693.8,1935.86,1147.52,1866.58,27456.42
Dangs,2025-02-01,9973.44,3447.86,4998.02,1473.83,777.78,3870.79,642.89,1566.35,1207.03,1842.39,29800.38
Dangs,2025-03-01,7461.39,3153.46,3616.1,1141.99,626.28,4135.5,540.01,1393.44,1494.68,2071.33,25634.18
Devbhumi Dwarka,2023-01-01,8635.16,2730.52,4789.09,1431.26,665.14,4678.54,666.36,1763.41,1463.32,1587.46,28410.26
Devbhumi Dwarka,2023-02-01,10069.89,3177.55,4249.94,1258.18,957.14,4290.07,715.28,1300.56,957.08,1717.82,28693.51
Devbhumi Dwarka,2023-03-01,8538.57,4188.78,4783.01,1421.56,873.24,3057.97,798.62,1918.35,1400.76,2027.43,29008.29
Devbhumi Dwarka,2023-04-01,7787.36,4188.83,4212.46,1016.58,855.03,3367.19,591.38,1033.35,1059.28,2372.83,26484.29
Devbhumi Dwarka,2023-05-01,9841.59,3335.39,4876.48,1251.02,512.68,4480.6,591.57,1267.01,934.34,2400.96,29491.64
Devbhumi Dwarka,2023-06-01,10382.12,3470.08,4863.51,1322.89,749.56,4264.81,788.03,1135.87,1403.74,2741.69,31122.3
Devbhumi Dwarka,2023-07-01,11676.93,3995.03,4138.6,1381.44,683.39,2760.73,792.9,1476.87,1401.69,2705.14,31012.72
Devbhumi Dwarka,2023-08-01,11644.6,2871.7,3778.64,1223.14,678.88,4267.93,666.75,1082.93,926.65,2502.84,29644.06
Devbhumi Dwarka,2023-09-01,9386.93,3765.71,3899.05,1256.26,705.09,3985.57,730.41,1296.62,1160.19,2622.72,28808.55
Devbhumi Dwarka,2023-10-01,9432.49,3775.55,4466.4,1475.41,563.77,3490.92,536.84,1538.38,1235.38,2421.48,28936.62
Devbhumi Dwarka,2023-11-01,11394.62,3392.6,4067.75,1239.8,770.57,4163.55,740.57,1627.98,815.44,2360.6,30573.48
Devbhumi Dwarka,2023-12-01,11977.21,3206.95,4701.15,1011.13,982.24,3633.42,587.89,1395.27,1274.63,1887.32,30657.21
Devbhumi Dwarka,2024-01-01,7148.04,3442.95,3820.14,1320.86,953.75,4428.29,577.92,1722.29,1263.8,2477.36,27155.4
Devbhumi Dwarka,2024-02-01,10000.68,2902.02,4032.48,1464.29,936.21,3457.27,628.65,1082.1,1468.93,1929.09,27901.72
Devbhumi Dwarka,2024-03-01,10833.84,4320.36,4518.55,1168.45,501.51,3115.71,605.85,1037.09,805.41,2322.69,29229.46
Devbhumi Dwarka,2024-04-01,11671.86,3580.65,4831.98,1470.46,580.42,4157.53,700.07,1065.54,1368.88,1814.84,31242.23
Devbhumi Dwarka,2024-05-01,7748.85,3070.1,3763.2,1204.48,953.66,4892.48,561.44,1626.21,1397.44,2831.4,28049.26
Devbhumi Dwarka,2024-06-01,11285.22,3787.42,3552.09,1216.18,903.92,3971.87,675.03,1649.33,1121.35,1821.9,29984.31
Devbhumi Dwarka,2024-07-01,9572.03,4132.14,4815.72,1278.26,801.71,2739.16,576.42,1074.32,1333.82,2406.15,28729.73
Devbhumi Dwarka,2024-08-01,7236.82,4116.31,4982.16,1105.62,905.6,3955.4,729.57,1763.73,1461.82,2212.97,28470.0
Devbhumi Dwarka,2024-09-01,11475.72,4094.02,4156.68,1353.36,726.51,3519.79,666.4,1260.51,999.12,2793.92,31046.03
Devbhumi Dwarka,2024-10-01,8259.77,3337.21,3709.11,1063.18,693.46,2715.72,641.96,1023.41,1184.24,2549.97,25178.03
Devbhumi Dwarka,2024-11-01,8017.59,2610.21,3810.93,1337.09,964.82,3767.67,751.53,1442.13,921.7,1539.8,25163.47
Devbhumi Dwarka,2024-12-01,9807.38,3914.45,4594.46,1490.79,921.45,2598.82,643.72,1526.03,1256.26,2269.28,29022.64
Devbhumi Dwarka,2025-01-01,8936.9,4074.72,4834.65,1250.59,776.12,3610.65,764.45,1634.38,1461.17,1629.95,28973.58
Devbhumi Dwarka,2025-02-01,11090.24,4411.43,3561.16,1021.65,765.13,4406.85,613.08,1692.24,1074.2,2961.81,31597.79
Devbhumi Dwarka,2025-03-01,10439.65,2549.68,3574.47,1138.2,940.69,2787.68,732.24,1899.08,984.66,2740.73,27787.08
Gandhinagar,2023-01-01,7433.1,3164.97,4347.56,1450.19,773.22,3297.23,758.37,1946.76,1165.56,2815.33,27152.29
Gandhinagar,2023-02-01,9196.34,3487.85,3856.46,1034.29,804.85,3414.84,525.07,1123.13,937.49,2797.03,27177.35
Gandhinagar,2023-03-01,9288.79,3119.67,4969.83,1194.29,695.9,3472.51,518.29,1022.29,1203.92,2443.87,27929.36
Gandhinagar,2023-04-01,11831.49,3528.67,3597.36,1088.24,528.06,4641.76,507.42,1504.95,1151.73,2134.26,30513.94
Gandhinagar,2023-05-01,10337.72,3904.61,4079.76,1145.45,582.41,2777.06,593.69,1501.79,887.84,2923.4,28733.73
Gandhinagar,2023-06-01,8955.46,2604.29,3917.65,1481.64,573.67,2705.82,734.77,1784.07,1196.71,2390.86,26344.94
Gandhinagar,2023-07-01,7975.25,2719.11,4324.92,1251.18,794.85,3829.16,768.18,1172.93,1462.69,2886.51,27184.78
Gandhinagar,2023-08-01,8902.39,3672.69,4341.72,1278.58,653.34,3783.46,631.72,1743.85,990.09,2524.48,28522.32
Gandhinagar,2023-09-01,9381.63,3103.55,3610.95,1430.36,549.85,4079.36,726.39,1138.72,867.4,2398.58,27286.79
Gandhinagar,2023-10-01,11749.68,3756.81,3952.73,1454.1,685.34,4654.4,607.33,1162.86,1334.37,1663.85,31021.47
Gandhinagar,2023-11-01,10774.84,3528.13,4860.18,1095.89,517.97,4942.89,651.97,1995.34,1069.37,1936.22,31372.8
Gandhinagar,2023-12-01,9638.17,4462.41,4615.22,1348.11,926.42,4110.59,621.28,1824.14,931.85,2712.54,31190.73
Gandhinagar,2024-01-01,9534.75,4300.07,4128.25,1050.13,655.54,4604.68,670.96,1607.4,1019.69,1794.87,29366.34
Gandhinagar,2024-02-01,7517.05,3279.52,4886.82,1225.29,983.87,3764.81,700.12,1133.82,1337.16,2649.77,27478.23
Gandhinagar,2024-03-01,9107.0,2722.15,4004.33,1103.49,824.83,3181.32,571.49,1358.56,1218.95,2318.63,26410.75
Gandhinagar,2024-04-01,10579.66,2862.84,4238.92,1308.71,745.56,4206.92,778.29,1515.56,1379.98,1749.84,29366.28
Gandhinagar,2024-05-01,9171.1,2601.79,4931.16,1256.46,964.02,4269.75,772.29,1428.18,936.79,1938.49,28270.03
Gandhinagar,2024-06-01,8524.63,4017.66,4221.28,1341.21,790.54,3679.87,696.09,1140.66,895.3,2396.13,27703.37
Gandhinagar,2024-07-01,9825.22,4214.81,4456.68,1271.95,954.43,2725.55,592.19,1908.89,1044.04,2936.91,29930.67
Gandhinagar,2024-08-01,7794.35,2560.41,4107.44,1498.7,943.65,2962.91,729.4,1263.39,1333.81,2526.53,25720.59
Gandhinagar,2024-09-01,11062.85,2530.48,4054.81,1060.15,534.65,3147.66,703.42,1994.87,1440.84,2325.15,28854.88
Gandhinagar,2024-10-01,11735.77,3180.94,4057.99,1245.44,573.24,4360.69,533.09,1541.24,1168.84,2621.15,31018.39
Gandhinagar,2024-11-01,7036.0,3889.2,3590.74,1080.9,622.46,4954.46,511.9,1752.93,940.9,2589.06,26968.55
Gandhinagar,2024-12-01,11315.74,2600.87,4965.05,1194.45,704.58,4639.47,516.24,1307.98,1160.62,2340.1,30745.1
Gandhinagar,2025-01-01,11801.86,3654.25,3513.32,1480.58,942.67,4507.78,686.22,1400.61,1399.27,2791.78,32178.34
Gandhinagar,2025-02-01,7618.91,3298.03,4945.72,1412.37,860.48,2656.71,743.92,1009.23,1334.39,2818.46,26698.22
Gandhinagar,2025-03-01,7801.74,3502.53,3610.8,1207.79,769.45,3118.15,797.02,1136.91,1481.76,2367.2,25793.35
Gir Somnath,2023-01-01,10869.57,2771.84,4395.77,1297.49,906.78,4718.17,621.71,1082.94,1495.91,2082.01,30242.19
Gir Somnath,2023-02-01,7330.61,3480.55,3880.34,1144.08,787.96,4735.22,565.74,1298.07,1083.57,2957.02,27263.16
Gir Somnath,2023-03-01,9922.56,2932.33,4724.95,1150.09,566.88,3518.66,530.01,1316.79,1306.14,2097.19,28065.6
Gir Somnath,2023-04-01,7392.57,2978.83,4190.59,1320.48,858.46,3206.37,693.89,1207.33,1458.18,1904.88,25211.58
Gir Somnath,2023-05-01,10446.31,3170.29,3560.1,1124.33,707.82,4140.34,592.42,1065.06,1314.17,2668.17,28789.01
Gir Somnath,2023-06-01,9003.67,4121.7,4157.86,1193.27,935.12,4612.27,520.51,1557.43,1238.73,1567.34,28907.9
Gir Somnath,2023-07-01,10104.3,3833.03,3601.44,1315.02,926.24,3628.85,699.85,1127.71,1071.06,2532.69,28840.19
Gir Somnath,2023-08-01,8574.11,2737.98,3909.94,1055.93,931.44,4445.58,785.98,1330.31,1439.97,2423.73,27634.97
Gir Somnath,2023-09-01,11082.18,4223.22,4432.54,1455.54,839.31,3683.36,784.32,1034.15,1467.95,1583.09,30585.66
Gir Somnath,2023-10-01,11156.93,2927.77,4853.12,1135.48,863.51,4382.51,515.38,1248.46,1019.59,1538.22,29640.97
Gir Somnath,2023-11-01,9381.25,3059.47,4713.02,1227.49,558.47,2705.56,657.78,1895.38,1414.85,2196.31,27809.58
Gir Somnath,2023-12-01,7887.64,4143.01,4624.41,1257.52,769.55,3843.73,655.37,1191.11,1179.51,2949.01,28500.86
Gir Somnath,2024-01-01,9700.06,3609.97,3656.02,1283.03,795.54,2777.16,674.09,1443.26,1096.31,2381.95,27417.39
Gir Somnath,2024-02-01,8282.87,3505.74,3683.51,1288.65,626.89,3730.09,623.4,1712.24,1144.95,2151.37,26749.71
Gir Somnath,2024-03-01,8453.8,2873.53,4728.2,1204.82,567.39,4583.51,534.31,1303.42,1361.7,1867.98,27478.66
Gir Somnath,2024-04-01,9230.99,4326.98,3932.37,1134.49,678.5,3743.5,731.53,1066.47,1115.66,2143.12,28103.61
Gir Somnath,2024-05-01,8044.79,3873.86,4967.75,1496.6,836.56,3459.53,741.49,1973.08,1313.29,2819.35,29526.3
Gir Somnath,2024-06-01,7631.35,2986.08,3713.2,1146.51,638.23,2706.24,553.95,1379.13,1160.97,1740.64,23656.3
Gir Somnath,2024-07-01,8379.11,2866.0,3570.28,1308.56,743.65,3802.33,625.45,1761.24,1175.94,2704.86,26937.42
Gir Somnath,2024-08-01,10996.9,4019.02,3635.61,1245.43,932.51,3339.14,698.35,1120.36,1156.16,2515.85,29659.33
Gir Somnath,2024-09-01,7176.27,3856.91,4060.23,1321.24,621.86,4778.47,530.68,1310.67,1416.38,1900.57,26973.28
Gir Somnath,2024-10-01,8455.62,3632.55,4680.83,1466.54,560.46,4248.61,690.28,1752.41,838.12,1814.15,28139.57
Gir Somnath,2024-11-01,8221.53,3938.63,3977.43,1343.0,938.96,3720.07,780.64,1291.71,1275.52,1945.37,27432.86
Gir Somnath,2024-12-01,11062.79,3198.15,4595.46,1128.43,902.7,3159.41,551.1,1033.41,1326.74,1761.53,28719.72
Gir Somnath,2025-01-01,7138.84,3471.55,3724.76,1389.35,594.72,4768.98,747.58,1693.76,1006.44,1977.51,26513.49
Gir Somnath,2025-02-01,11653.68,3120.2,3685.99,1047.25,642.46,4904.81,515.86,1264.41,1384.11,2283.62,30502.39
Gir Somnath,2025-03-01,10895.05,2791.55,4696.85,1230.62,882.48,4056.31,658.89,1655.25,894.48,2108.31,29869.79
Jamnagar,2023-01-01,10633.38,4480.91,4515.23,1125.12,949.47,3864.61,749.17,1745.74,1312.63,1764.14,31140.4
Jamnagar,2023-02-01,11668.36,3239.8,4226.54,1146.73,991.89,2963.34,729.8,1882.22,857.56,1629.83,29336.07
Jamnagar,2023-03-01,10338.65,2673.07,4177.46,1381.59,772.44,3296.69,629.15,1378.06,866.5,2404.4,27918.01
Jamnagar,2023-04-01,7559.87,2630.71,3629.88,1096.59,532.81,3943.48,755.72,1737.04,1110.45,1604.63,24601.18
Jamnagar,2023-05-01,9648.87,3597.66,4798.18,1120.21,695.52,3354.05,799.06,1629.38,1485.93,2285.04,29413.9
Jamnagar,2023-06-01,8080.68,3643.33,4564.44,1489.99,943.47,3009.78,778.16,1867.26,1425.24,1507.51,27309.86
Jamnagar,2023-07-01,8050.82,3980.15,3809.36,1052.9,536.67,3083.56,656.85,1196.36,922.32,2990.48,26279.47
Jamnagar,2023-08-01,11160.8,3422.34,4843.96,1237.02,729.31,3701.29,577.85,1294.11,1391.98,1985.44,30344.1
Jamnagar,2023-09-01,10604.39,4023.01,3957.06,1415.79,997.41,4012.02,684.62,1454.28,1306.55,2216.73,30671.86
Jamnagar,2023-10-01,11713.74,3684.31,3962.94,1159.77,509.1,3401.63,555.39,1273.76,1048.87,2894.71,30204.22
Jamnagar,2023-11-01,9512.82,3651.15,3636.2,1033.7,845.18,2608.21,755.87,1013.76,1395.51,2900.5,27352.9
Jamnagar,2023-12-01,11676.39,3820.4,4516.94,1187.39,829.81,3042.99,589.15,1534.85,1106.72,2220.47,30525.11
Jamnagar,2024-01-01,11004.94,4112.25,4682.91,1117.25,717.14,4869.14,762.45,1615.58,996.2,2222.56,32100.42
Jamnagar,2024-02-01,10278.13,2544.58,4538.78,1409.44,539.59,3645.43,696.37,1035.08,983.66,2959.43,28630.49
Jamnagar,2024-03-01,8867.27,4114.93,4250.61,1337.37,965.24,2844.66,755.47,1142.97,1286.47,2409.78,27974.77
Jamnagar,2024-04-01,9060.17,4184.45,4714.39,1408.81,749.66,3561.4,664.47,1044.97,810.58,2423.01,28621.91
Jamnagar,2024-05-01,8149.06,2978.72,4887.3,1257.62,504.63,3628.15,596.09,1725.73,1148.6,1611.32,26487.22
Jamnagar,2024-06-01,7289.27,2704.04,4832.43,1131.64,893.51,2867.8,549.5,1385.03,1462.68,2286.48,25402.38
Jamnagar,2024-07-01,9089.99,2722.13,3806.0,1417.54,755.02,3638.97,637.03,1945.51,890.57,1504.65,26407.41
Jamnagar,2024-08-01,10665.02,4253.27,4555.68,1018.68,729.74,3724.89,549.19,1299.89,1029.96,1609.39,29435.71
Jamnagar,2024-09-01,9674.52,3689.16,4174.19,1237.77,663.67,3852.97,772.92,1213.75,1172.27,1711.82,28163.04
Jamnagar,2024-10-01,9430.57,4419.19,4000.76,1456.58,800.27,3282.99,735.66,1628.26,1242.58,2399.98,29396.84
Jamnagar,2024-11-01,11242.72,4136.56,4593.96,1379.94,955.19,4843.22,557.13,1712.16,982.52,1682.75,32086.15
Jamnagar,2024-12-01,11116.85,3946.0,3913.21,1397.72,873.53,2556.93,716.49,1363.67,973.09,1697.52,28555.01
Jamnagar,2025-01-01,9720.67,2528.36,3523.2,1089.11,749.09,4723.9,638.92,1498.67,1468.09,2071.33,28011.34
Jamnagar,2025-02-01,10257.59,3608.44,4122.72,1430.08,916.81,4626.5,692.43,1015.55,1475.51,1541.71,29687.34
Jamnagar,2025-03-01,11194.91,4054.21,3872.65,1231.79,919.81,3584.47,713.27,1975.01,1463.33,2140.21,31149.66
Junagadh,2023-01-01,7657.39,2578.49,3523.58,1348.32,699.37,3981.75,537.79,1535.4,1256.78,1830.97,24949.84
Junagadh,2023-02-01,11018.55,4429.2,4574.52,1023.18,629.05,4320.78,655.32,1176.26,1328.48,2651.84,31807.18
Junagadh,2023-03-01,8056.22,2582.5,4538.36,1392.79,705.72,4211.01,549.57,1298.05,1479.19,1657.57,26470.98
Junagadh,2023-04-01,11301.45,2819.25,4884.01,1162.36,660.76,3494.16,771.74,1811.35,1348.14,2988.33,31241.55
Junagadh,2023-05-01,9352.49,3382.01,4660.83,1117.46,540.12,2990.84,777.45,1779.5,1238.83,1879.08,27718.61
Junagadh,2023-06-01,9374.7,3594.7,4688.45,1340.72,547.64,3829.61,695.89,1048.0,1400.27,2198.39,28718.37
Junagadh,2023-07-01,11905.77,3330.49,3585.57,1140.87,639.64,2858.08,529.33,1389.27,1341.32,2854.62,29574.96
Junagadh,2023-08-01,7282.46,3955.57,4902.99,1208.08,606.39,3415.04,649.87,1987.9,994.33,2032.36,27034.99
Junagadh,2023-09-01,11690.35,4208.68,4596.45,1167.54,667.87,2580.34,644.85,1853.17,881.19,2318.36,30608.8
Junagadh,2023-10-01,10904.47,3149.92,4746.29,1015.56,524.25,2551.8,528.27,1135.28,1210.73,1967.27,27733.84
Junagadh,2023-11-01,7408.36,3427.58,3640.94,1461.27,704.83,3132.91,752.03,1940.24,1425.31,2363.17,26256.64
Junagadh,2023-12-01,10397.81,3884.29,3710.04,1308.5,567.24,2770.62,682.78,1086.74,1488.79,2899.41,28796.22
Junagadh,2024-01-01,11639.86,3132.32,4648.69,1008.88,922.47,4950.84,698.61,1825.29,1029.26,2854.57,32710.79
Junagadh,2024-02-01,10134.83,2796.69,4153.99,1426.13,951.82,3677.74,793.38,1168.47,815.36,1987.43,27905.84
Junagadh,2024-03-01,7502.24,3567.32,3908.02,1032.24,942.05,4855.79,563.54,1113.36,990.02,2686.66,27161.24
Junagadh,2024-04-01,11241.53,3731.71,4552.66,1001.74,620.2,3899.36,537.85,1091.6,1073.48,2175.27,29925.4
Junagadh,2024-05-01,7466.37,4380.52,4458.49,1194.99,886.22,3632.48,685.45,1125.82,1460.99,2653.19,27944.52
Junagadh,2024-06-01,10160.64,4417.79,4993.99,1189.79,812.84,3238.31,682.07,1183.83,956.31,2240.33,29875.9
Junagadh,2024-07-01,9073.67,3832.39,4606.44,1401.16,830.3,3385.53,782.65,1573.87,1085.94,1886.25,28458.2
Junagadh,2024-08-01,7783.18,3225.05,4630.22,1411.05,826.67,3546.84,579.07,1435.61,1119.26,2154.91,26711.86
Junagadh,2024-09-01,9327.98,4230.73,4552.03,1442.94,961.93,2576.49,681.91,1121.87,1370.63,1558.0,27824.51
Junagadh,2024-10-01,10965.16,4131.81,4993.7,1194.32,788.08,4347.65,543.89,1861.65,1224.36,1520.3,31570.92
Junagadh,2024-11-01,11159.11,3480.46,4599.32,1387.65,682.16,4849.71,700.78,1159.73,1224.87,2879.79,32123.58
Junagadh,2024-12-01,10121.2,3471.93,4408.16,1456.9,879.8,3859.83,621.74,1479.75,1063.8,1937.69,29300.8
Junagadh,2025-01-01,10998.93,3823.74,3753.52,1059.33,878.79,2507.25,732.96,1181.61,1203.75,2774.75,28914.63
Junagadh,2025-02-01,9488.0,3940.77,4598.12,1341.26,673.33,3104.89,646.35,1068.96,1337.47,2727.34,28926.49
Junagadh,2025-03-01,10032.97,2653.65,4610.52,1061.97,782.64,2946.34,723.1,1868.67,1040.43,2843.51,28563.8
Kachchh,2023-01-01,9023.8,4206.63,4778.78,1217.35,613.26,2753.28,785.37,1749.96,869.23,1527.79,27525.45
Kachchh,2023-02-01,11264.96,3826.23,4286.07,1108.72,817.2,4203.44,578.44,1278.41,1361.52,2999.92,31724.91
Kachchh,2023-03-01,10090.38,3276.71,4328.21,1457.54,628.45,3000.23,597.05,1776.1,1221.48,1560.23,27936.38
Kachchh,2023-04-01,11427.85,4077.55,4841.68,1180.15,867.86,3468.01,591.45,1647.43,840.73,2061.55,31004.26
Kachchh,2023-05-01,11148.55,3616.12,4414.43,1016.52,593.33,4825.96,521.34,1585.11,1020.71,2575.47,31317.54
Kachchh,2023-06-01,10982.06,4458.26,4471.9,1166.61,949.21,3833.63,551.95,1386.71,903.24,1872.31,30575.88
Kachchh,2023-07-01,11824.57,2544.98,3889.26,1468.39,529.84,3022.74,797.22,1166.9,1182.33,1704.91,28131.14
Kachchh,2023-08-01,11655.29,2867.15,4771.22,1369.06,635.06,2984.22,567.15,1074.09,1032.11,2432.3,29387.65
Kachchh,2023-09-01,8207.22,4359.15,4488.81,1192.32,668.85,3071.17,757.77,1206.0,1478.05,1584.7,27014.04
Kachchh,2023-10-01,7632.68,4102.23,4011.6,1252.66,547.47,2950.09,634.12,1045.04,1157.04,1583.37,24916.3
Kachchh,2023-11-01,11648.49,2664.71,4865.25,1251.03,813.69,4559.39,785.18,1656.31,1447.47,2108.57,31800.09
Kachchh,2023-12-01,8283.46,4311.13,3872.2,1345.72,822.21,3850.09,608.92,1226.02,959.35,2416.61,27695.71
Kachchh,2024-01-01,11821.79,3692.3,4821.75,1063.85,819.51,4136.67,775.43,1291.79,975.94,2838.66,32237.69
Kachchh,2024-02-01,9025.51,3253.71,3830.95,1104.4,821.77,3445.37,782.23,1788.05,1334.33,2956.24,28342.56
Kachchh,2024-03-01,10111.41,3860.72,3683.86,1084.84,598.6,2624.74,689.61,1197.34,992.12,1832.23,26675.47
Kachchh,2024-04-01,7083.44,3197.66,4032.08,1483.59,783.78,4285.33,591.98,1483.21,847.3,1527.39,25315.76
Kachchh,2024-05-01,7100.43,2547.65,4694.0,1077.52,855.02,3924.33,639.45,1767.77,834.32,2147.56,25588.05
Kachchh,2024-06-01,10904.74,3814.35,4212.86,1123.03,503.46,2533.34,766.89,1765.01,1247.47,1691.65,28562.8
Kachchh,2024-07-01,8246.14,3655.78,4826.5,1222.5,530.84,3855.57,545.6,1396.15,1299.65,2112.18,27690.91
Kachchh,2024-08-01,9058.26,4335.13,4880.67,1110.92,809.82,3871.6,786.24,1052.74,1228.67,1867.72,29001.77
Kachchh,2024-09-01,8539.0,2966.52,4952.7,1082.91,690.49,2742.47,740.64,1061.87,1318.05,2455.02,26549.67
Kachchh,2024-10-01,10923.05,4364.19,3897.54,1164.82,888.43,3328.62,557.41,1483.14,1450.92,1557.79,29615.91
Kachchh,2024-11-01,9278.12,3009.64,4431.27,1352.75,520.6,2831.09,571.4,1801.64,968.52,1610.02,26375.05
Kachchh,2024-12-01,11872.92,4037.04,4016.55,1408.86,988.01,4352.94,715.98,1473.83,1339.4,2305.36,32510.89
Kachchh,2025-01-01,11417.11,2649.49,4728.03,1160.09,693.57,4578.47,681.58,1565.07,1278.92,2723.37,31475.7
Kachchh,2025-02-01,8419.94,3567.51,3542.93,1097.68,675.2,4603.51,556.33,1070.75,1050.05,1566.42,26150.32
Kachchh,2025-03-01,8826.58,3662.05,3660.64,1308.26,622.68,2620.67,613.42,1873.97,1068.97,2324.28,26581.52
Kheda,2023-01-01,8964.66,3146.6,4003.83,1304.57,605.6,3555.68,779.63,1721.58,899.87,2639.82,27621.84
Kheda,2023-02-01,8958.49,4320.62,4230.71,1230.58,974.08,4292.98,665.21,1344.52,1078.02,2032.73,29127.94
Kheda,2023-03-01,8354.56,3859.81,3754.36,1159.97,757.28,4827.39,517.21,1774.63,865.36,2758.42,28628.99
Kheda,2023-04-01,9170.42,3313.55,4005.81,1171.95,550.33,4454.37,653.56,1771.03,800.26,1523.63,27414.91
Kheda,2023-05-01,9716.64,4160.85,4771.94,1088.76,626.34,3724.45,557.61,1149.22,831.08,1690.55,28317.44
Kheda,2023-06-01,10776.3,2898.82,4990.05,1273.28,728.21,2509.51,566.52,1165.87,1434.06,2558.6,28901.22
Kheda,2023-07-01,10449.27,3301.97,4168.45,1456.96,589.87,4522.2,691.69,1625.37,1348.02,2336.99,30490.79
Kheda,2023-08-01,7442.06,3122.98,4833.87,1337.63,699.82,4881.73,502.85,1644.71,867.42,2869.55,28202.62
Kheda,2023-09-01,9331.81,3935.69,3747.4,1154.51,542.5,4584.38,796.48,1192.91,1162.86,2367.66,28816.2
Kheda,2023-10-01,9371.18,3730.43,4987.64,1027.7,958.36,3844.27,728.07,1108.89,853.72,2220.7,28830.96
Kheda,2023-11-01,8666.98,4092.26,4724.32,1394.41,931.57,3171.21,577.41,1442.72,1498.13,2668.22,29167.23
Kheda,2023-12-01,8350.07,4299.57,4821.92,1005.48,522.78,3500.49,690.33,1365.71,1347.12,2727.59,28631.06
Kheda,2024-01-01,10962.86,3993.15,3980.05,1441.92,561.36,3258.42,647.35,1411.5,1300.93,1745.07,29302.61
Kheda,2024-02-01,8820.9,4091.15,4391.91,1399.87,725.79,3966.28,786.54,1744.22,1296.26,2965.16,30188.08
Kheda,2024-03-01,10910.99,3541.55,4689.98,1372.82,795.56,2616.12,574.98,1997.57,1271.6,2359.71,30130.88
Kheda,2024-04-01,10077.96,3916.84,4691.98,1087.13,990.95,2508.72,507.37,1080.57,1187.24,2431.26,28480.02
Kheda,2024-05-01,8831.17,4080.02,4394.87,1477.43,983.46,3614.19,549.13,1773.96,954.13,2759.1,29417.46
Kheda,2024-06-01,9988.24,3595.48,4406.3,1213.23,896.77,4608.89,707.9,1453.73,1408.85,2765.41,31044.8
Kheda,2024-07-01,9455.76,3239.33,4717.7,1032.69,694.52,3180.61,663.36,1687.21,1456.03,1984.52,28111.73
Kheda,2024-08-01,8987.76,3643.29,4855.73,1122.93,911.97,4957.57,798.05,1539.59,1194.24,2838.77,30849.9
Kheda,2024-09-01,7070.66,4450.99,4723.98,1032.62,966.49,2663.48,785.65,1613.24,918.11,1657.9,25883.12
Kheda,2024-10-01,10818.78,4085.61,4965.79,1479.01,920.04,3770.69,536.28,1493.13,1497.88,2876.67,32443.88
Kheda,2024-11-01,8974.85,2513.65,4679.8,1021.39,605.5,3369.49,544.46,1161.58,1265.29,1785.65,25921.66
Kheda,2024-12-01,9484.54,2669.66,4379.82,1131.16,666.11,3634.0,759.4,1952.6,1074.38,1953.71,27705.38
Kheda,2025-01-01,8874.94,3245.7,4912.99,1189.27,785.05,2628.2,613.56,1291.51,1372.6,2864.53,27778.35
Kheda,2025-02-01,8807.32,3962.5,4774.95,1392.85,756.55,4815.81,689.06,1532.18,946.48,2340.15,30017.85
Kheda,2025-03-01,10380.46,3837.78,4060.9,1204.89,903.39,4847.76,796.62,1906.93,1312.47,2371.39,31622.59
Mahesana,2023-01-01,9019.88,3624.15,3979.41,1366.47,883.05,4226.42,756.88,1589.37,1395.76,2706.66,29548.05
Mahesana,2023-02-01,10542.79,3466.55,4714.04,1051.67,702.95,3649.78,787.34,1574.39,1427.22,1683.94,29600.67
Mahesana,2023-03-01,7347.81,3643.52,3613.82,1287.8,765.53,3324.41,661.62,1570.04,1401.91,2084.33,25700.79
Mahesana,2023-04-01,11197.7,3401.82,4393.44,1339.05,602.77,2864.12,610.71,1435.36,1300.93,2738.27,29884.17
Mahesana,2023-05-01,9387.84,2603.05,4363.7,1276.57,796.97,3259.61,706.9,1059.61,1078.6,2931.33,27464.18
Mahesana,2023-06-01,9598.17,2638.83,3522.62,1199.38,559.77,4232.79,561.18,1093.55,1080.51,2705.18,27191.98
Mahesana,2023-07-01,8933.63,2804.98,3700.68,1471.57,849.71,2669.57,568.76,1801.33,1065.94,1919.79,25785.96
Mahesana,2023-08-01,8678.45,3133.73,3802.46,1281.76,955.52,4543.05,501.63,1613.52,882.16,2627.17,28019.45
Mahesana,2023-09-01,11873.01,4011.54,3540.6,1445.05,832.72,4803.84,520.05,1427.33,1091.01,1517.25,31062.4
Mahesana,2023-10-01,10066.64,3573.67,4394.21,1373.46,844.11,2973.02,521.59,1970.42,911.95,1718.32,28347.39
Mahesana,2023-11-01,10563.88,4350.9,3847.04,1475.64,894.75,3386.92,662.15,1778.33,974.63,2773.82,30708.06
Mahesana,2023-12-01,10501.27,4463.84,4171.01,1248.37,768.21,3708.66,523.54,1974.44,1296.62,2211.7,30867.66
Mahesana,2024-01-01,8006.0,3269.85,3941.67,1067.77,679.92,3406.39,733.12,1322.55,920.4,2349.99,25697.66
Mahesana,2024-02-01,10071.72,3458.03,3755.55,1002.95,622.13,2884.94,566.39,1157.79,865.48,2007.41,26392.39
Mahesana,2024-03-01,7239.08,4347.63,3991.51,1146.68,546.11,4640.21,549.63,1205.65,831.38,2933.2,27431.08
Mahesana,2024-04-01,7463.09,2983.13,4080.95,1064.14,655.95,4627.31,762.15,1898.28,813.6,2226.75,26575.35
Mahesana,2024-05-01,7850.22,4016.97,3803.06,1203.69,769.63,4962.64,560.9,1245.36,859.02,2685.81,27957.3
Mahesana,2024-06-01,9541.2,2977.65,4789.81,1372.35,846.54,4846.53,770.0,1958.98,907.01,2632.94,30643.01
Mahesana,2024-07-01,10875.16,2971.66,4253.49,1459.93,505.42,3463.37,518.73,1154.63,1443.04,2278.38,28923.81
Mahesana,2024-08-01,7200.94,3702.34,4109.95,1247.46,561.0,2961.16,550.06,1688.91,1153.89,1704.42,24880.13
Mahesana,2024-09-01,7126.78,3039.55,4066.01,1432.9,620.72,3506.98,518.12,1735.21,1104.56,2704.15,25854.98
Mahesana,2024-10-01,10928.9,3232.58,3807.92,1285.51,685.62,3235.54,772.3,1938.46,1171.72,2077.54,29136.09
Mahesana,2024-11-01,10244.31,2710.22,4844.47,1344.59,702.99,4392.06,563.03,1338.24,1101.89,2591.01,29832.81
Mahesana,2024-12-01,10870.48,2597.82,4468.75,1343.69,692.96,3127.0,723.22,1492.54,978.94,2760.02,29055.42
Mahesana,2025-01-01,7029.28,4144.96,3858.47,1252.18,727.37,3617.44,533.35,1014.46,1115.7,1609.57,24902.78
Mahesana,2025-02-01,9343.96,3937.36,4742.01,1287.6,761.89,3373.66,505.61,1290.81,880.31,1694.66,27817.87
Mahesana,2025-03-01,8795.89,3486.93,3841.41,1377.84,724.67,3859.77,538.97,1585.77,996.23,1638.18,26845.66
Mahisagar,2023-01-01,10604.49,3147.58,4845.71,1482.38,576.49,4734.92,588.52,1611.24,1034.23,1572.32,30197.88
Mahisagar,2023-02-01,11568.04,2540.41,4853.02,1093.38,817.46,4818.98,560.99,1534.21,937.17,2757.55,31481.21
Mahisagar,2023-03-01,8049.58,2953.6,4119.48,1036.62,815.95,4564.78,695.14,1552.69,1389.59,2134.68,27312.11
Mahisagar,2023-04-01,7321.91,4063.52,4357.48,1075.86,608.61,4860.62,763.87,1696.86,1107.08,2608.93,28464.74
Mahisagar,2023-05-01,10563.3,3706.06,4049.41,1240.7,932.43,4441.98,644.5,1895.67,1432.04,1744.86,30650.95
Mahisagar,2023-06-01,10696.36,2785.35,4955.56,1307.91,926.28,2608.13,794.56,1161.95,989.54,2794.77,29020.41
Mahisagar,2023-07-01,7692.07,4493.34,4637.72,1394.42,763.96,3906.06,697.3,1304.55,1059.95,1542.29,27491.66
Mahisagar,2023-08-01,9356.74,2535.51,4563.86,1082.79,535.26,2794.74,761.72,1646.44,811.65,2144.52,26233.23
Mahisagar,2023-09-01,8332.04,3666.69,4560.71,1345.17,636.39,4786.59,795.61,1611.66,1137.27,2800.15,29672.28
Mahisagar,2023-10-01,11873.46,4297.12,3941.36,1034.48,919.26,3578.6,681.87,1640.09,1183.32,2050.51,31200.07
Mahisagar,2023-11-01,8527.35,4345.64,3711.56,1144.77,859.74,2592.14,520.74,1922.51,1263.65,2225.08,27113.18
Mahisagar,2023-12-01,9103.23,3566.19,4897.32,1290.71,535.94,3329.95,594.56,1840.58,1096.61,1564.48,27819.57
Mahisagar,2024-01-01,11472.14,3745.51,3942.39,1276.45,748.48,2515.79,678.84,1983.14,898.24,2844.36,30105.34
Mahisagar,2024-02-01,8840.34,2917.08,3795.79,1455.04,622.73,4769.41,744.27,1968.05,1129.36,2586.76,28828.83
Mahisagar,2024-03-01,8858.84,4423.52,3604.42,1467.83,742.39,4991.04,780.46,1814.63,1413.41,2662.18,30758.72
Mahisagar,2024-04-01,11506.46,3145.72,4793.33,1169.27,856.1,3231.66,597.82,1142.14,1430.51,2489.68,30362.69
Mahisagar,2024-05-01,11487.38,3537.86,4750.61,1289.79,950.41,3526.53,547.63,1786.28,1329.67,1748.37,30954.53
Mahisagar,2024-06-01,8187.26,2586.06,3649.39,1258.52,760.87,4370.89,527.5,1242.15,1293.19,2607.67,26483.5
Mahisagar,2024-07-01,7841.59,2505.12,3884.83,1367.6,608.07,3193.02,650.0,1162.42,1068.56,1919.64,24200.85
Mahisagar,2024-08-01,9642.87,3926.36,3858.34,1037.12,899.97,4446.22,647.78,1033.91,849.07,2875.2,29216.84
Mahisagar,2024-09-01,10773.94,4224.19,4721.23,1348.91,719.84,4866.42,559.08,1440.68,895.98,2867.96,32418.23
Mahisagar,2024-10-01,9721.92,2728.17,4361.29,1484.0,777.09,4861.43,638.71,1612.38,1307.14,1817.92,29310.05
Mahisagar,2024-11-01,10651.76,3683.52,4228.31,1477.35,911.37,4872.24,657.64,1417.58,1287.76,1674.65,30862.18
Mahisagar,2024-12-01,7824.54,4020.38,4390.93,1305.94,795.55,4276.17,561.92,1447.46,1446.98,1662.52,27732.39
Mahisagar,2025-01-01,11703.77,4136.89,3895.56,1472.73,557.89,4680.99,749.2,1182.59,889.0,2333.8,31602.42
Mahisagar,2025-02-01,9855.35,4377.78,3620.32,1340.49,737.67,2958.27,664.7,1356.14,1393.52,2977.16,29281.4
Mahisagar,2025-03-01,7733.16,4217.22,3970.94,1159.37,572.53,2837.3,719.87,1204.27,1426.17,1528.93,25369.76
Morbi,2023-01-01,9395.55,2508.11,4720.65,1040.82,750.57,3470.31,738.62,1504.16,1173.69,2264.2,27566.68
Morbi,2023-02-01,10554.42,3664.63,4810.59,1413.68,694.52,3856.6,767.54,1897.93,833.22,2428.11,30921.24
Morbi,2023-03-01,11914.38,2825.62,4081.86,1265.82,643.51,3145.41,594.54,1550.31,1086.05,2795.08,29902.58
Morbi,2023-04-01,11703.05,3549.5,4669.94,1093.03,822.7,4654.49,639.93,1990.22,1033.71,2870.68,33027.25
Morbi,2023-05-01,10462.89,2651.41,4902.55,1201.99,767.49,4170.83,752.63,1064.74,1371.02,2497.45,29843.0
Morbi,2023-06-01,8712.93,3290.91,4637.48,1419.46,874.63,3082.96,786.36,1001.09,829.7,2308.57,26944.09
Morbi,2023-07-01,11222.92,3404.14,4477.81,1403.64,702.99,4858.04,531.93,1126.79,1445.35,2372.26,31545.87
Morbi,2023-08-01,10015.17,3275.09,4321.08,1370.29,895.88,3753.85,631.19,1924.03,1197.28,2715.62,30099.48
Morbi,2023-09-01,10652.2,3052.26,4388.82,1384.21,514.89,2735.52,665.73,1141.83,873.84,2661.59,28070.89
Morbi,2023-10-01,10575.06,2893.91,4627.91,1428.87,545.21,4346.55,773.45,1960.66,981.94,2743.25,30876.81
Morbi,2023-11-01,8866.41,3184.09,4038.03,1181.29,678.6,4050.48,601.47,1758.61,1336.76,2371.63,28067.37
Morbi,2023-12-01,9095.97,2643.3,3719.09,1057.72,745.17,2998.96,700.08,1320.76,996.23,2526.76,25804.04
Morbi,2024-01-01,8338.91,3926.27,4938.72,1456.02,859.07,3764.33,608.74,1346.28,915.66,2174.35,28328.35
Morbi,2024-02-01,8817.38,4219.53,4917.05,1373.35,515.23,2879.29,666.4,1765.14,1102.31,1923.44,28179.12
Morbi,2024-03-01,10936.91,2934.73,4957.68,1421.92,666.42,4234.82,585.68,1845.18,1368.08,2136.18,31087.6
Morbi,2024-04-01,9847.35,2762.86,4395.57,1419.05,516.15,3960.32,659.81,1940.51,1270.54,2709.6,29481.76
Morbi,2024-05-01,10739.66,4490.87,3699.18,1098.04,938.22,4918.12,550.11,1208.29,1442.72,2954.02,32039.23
Morbi,2024-06-01,8794.58,3742.58,4380.6,1238.05,581.62,3202.43,784.87,1275.36,1159.01,1690.25,26849.35
Morbi,2024-07-01,8533.27,2899.67,4712.33,1006.97,980.54,2805.46,667.98,1439.5,991.01,2687.99,26724.72
Morbi,2024-08-01,7694.98,3898.63,4870.12,1214.76,733.57,4551.47,703.62,1369.35,1241.94,2689.22,28967.66
Morbi,2024-09-01,8406.43,2700.91,3738.82,1160.07,852.7,3910.28,646.33,1743.32,1187.03,1686.53,26032.42
Morbi,2024-10-01,10709.96,3082.11,3614.15,1193.8,635.03,3853.17,794.41,1585.35,1021.62,2370.46,28860.06
Morbi,2024-11-01,11529.76,4074.03,4654.46,1362.86,539.29,2821.74,705.55,1956.42,894.0,2086.92,30625.03
Morbi,2024-12-01,11088.19,3230.12,3672.49,1078.83,655.92,4750.01,756.57,1105.17,1047.95,2190.64,29575.89
Morbi,2025-01-01,10652.49,2505.71,3800.45,1272.49,957.06,3180.18,569.72,1524.53,959.13,1723.78,27145.54
Morbi,2025-02-01,10837.52,2888.04,3586.44,1471.26,966.19,4582.53,507.39,1389.56,823.2,1635.37,28687.5
Morbi,2025-03-01,10295.27,3506.95,4591.69,1347.95,808.13,3107.23,587.68,1080.66,1320.35,1599.15,28245.06
Narmada,2023-01-01,7421.57,3773.06,3885.99,1115.28,937.92,3886.51,712.48,1579.99,1338.76,2191.37,26842.93
Narmada,2023-02-01,7484.28,3943.45,4179.58,1002.84,764.76,4947.69,687.16,1225.61,1207.88,2126.12,27569.37
Narmada,2023-03-01,7192.72,3267.43,4756.75,1063.84,766.13,3603.7,691.12,1803.81,1218.83,2226.43,26590.76
Narmada,2023-04-01,10491.09,3567.24,3628.8,1102.52,884.43,4944.1,658.46,1656.47,1408.85,2595.42,30937.38
Narmada,2023-05-01,8262.13,3930.07,3977.18,1058.36,674.51,4379.12,757.52,1729.13,995.17,1592.15,27355.34
Narmada,2023-06-01,10618.81,4147.76,4462.57,1137.94,601.18,4084.36,516.24,1951.74,1033.25,2315.83,30869.68
Narmada,2023-07-01,10661.8,4448.47,4615.64,1442.91,832.41,2677.5,539.15,1680.58,1111.91,2009.21,30019.58
Narmada,2023-08-01,9301.55,3494.43,4610.77,1357.75,996.56,4491.55,735.2,1013.61,921.64,1553.07,28476.13
Narmada,2023-09-01,8994.77,2909.99,3977.42,1076.51,808.69,2868.01,774.88,1445.35,1052.97,1803.79,25712.38
Narmada,2023-10-01,9243.46,2650.87,3591.15,1072.49,719.59,4085.92,739.35,1064.87,1396.19,1691.16,26255.05
Narmada,2023-11-01,11990.77,4338.72,4768.96,1326.3,686.54,4798.09,546.29,1105.11,1148.61,2675.01,33384.4
Narmada,2023-12-01,7337.09,3944.55,4089.26,1066.93,704.03,2506.7,541.74,1590.12,1482.68,2943.93,26207.03
Narmada,2024-01-01,9665.86,4334.65,4501.8,1222.71,778.17,2746.74,628.75,1793.46,1299.59,1754.92,28726.65
Narmada,2024-02-01,8407.81,3450.98,4560.93,1115.89,873.51,3145.45,643.59,1773.8,946.45,1902.41,26820.82
Narmada,2024-03-01,9526.99,4328.03,3807.41,1110.85,679.29,3933.8,666.03,1172.03,1151.08,2338.85,28714.36
Narmada,2024-04-01,11022.67,3035.15,4145.56,1214.55,536.84,3778.41,586.02,1120.78,1022.98,1961.61,28424.57
Narmada,2024-05-01,10649.59,3061.36,4978.07,1073.03,732.91,2805.13,560.64,1929.68,1010.83,2910.67,29711.91
Narmada,2024-06-01,10837.83,3262.54,3775.99,1090.85,714.48,2628.13,603.82,1634.84,882.12,2641.91,28072.51
Narmada,2024-07-01,10624.88,2956.49,3803.81,1427.29,827.01,3077.46,555.6,1183.43,1314.06,2474.14,28244.17
Narmada,2024-08-01,8182.08,3668.73,4727.94,1415.07,593.53,2995.69,622.09,1237.94,921.04,2099.45,26463.56
Narmada,2024-09-01,9470.91,4069.2,4718.78,1413.02,945.37,4061.18,742.78,1288.57,1378.83,1668.76,29757.4
Narmada,2024-10-01,9577.38,3822.59,4225.38,1073.82,503.42,4733.85,512.14,1127.71,1090.57,2765.13,29431.99
Narmada,2024-11-01,10992.41,3952.91,3857.86,1217.48,723.34,4217.96,790.84,1895.23,1392.18,2646.95,31687.16
Narmada,2024-12-01,11742.55,2677.03,4271.27,1047.77,500.19,2674.73,615.41,1524.63,1240.92,2594.59,28889.09
Narmada,2025-01-01,11374.78,2673.47,4842.89,1175.8,912.48,4972.56,556.56,1201.51,828.2,1619.67,30157.92
Narmada,2025-02-01,8900.13,2843.9,4324.79,1275.36,743.5,2725.34,508.11,1893.0,850.91,2819.58,26884.62
Narmada,2025-03-01,7604.43,2644.7,3518.31,1478.38,715.87,4962.35,579.06,1029.99,1104.5,2117.43,25755.02
Navsari,2023-01-01,7735.37,2700.59,4491.66,1221.53,760.84,2836.35,585.97,1492.89,1209.86,1610.59,24645.65
Navsari,2023-02-01,10964.8,2596.6,4737.8,1268.99,950.27,2805.82,549.72,1033.37,1125.56,1613.8,27646.73
Navsari,2023-03-01,11477.25,3352.75,4327.94,1391.34,553.95,4416.46,738.06,1073.63,826.6,1863.38,30021.36
Navsari,2023-04-01,9431.34,3124.1,3852.02,1154.16,752.33,4188.3,683.98,1365.14,836.22,2707.99,28095.58
Navsari,2023-05-01,10394.19,3450.77,3970.47,1086.29,522.44,3069.15,528.2,1245.68,1423.34,2436.71,28127.24
Navsari,2023-06-01,9610.57,4110.72,4919.73,1456.62,504.38,2996.48,735.75,1152.67,1032.84,2511.19,29030.95
Navsari,2023-07-01,7698.37,2954.88,4636.0,1333.37,882.41,4226.58,666.52,1160.86,1003.58,1944.82,26507.39
Navsari,2023-08-01,7115.19,2876.21,4834.94,1151.78,958.12,4215.26,598.64,1069.21,996.45,1686.89,25502.69
Navsari,2023-09-01,8733.69,3286.34,4289.34,1410.39,985.17,3584.17,728.37,1425.21,1243.59,2592.26,28278.53
Navsari,2023-10-01,9143.31,3609.33,4725.34,1064.72,507.2,4668.81,628.9,1693.14,1178.94,2753.42,29973.11
Navsari,2023-11-01,7332.7,3022.41,4832.14,1161.4,903.03,3091.04,698.06,1702.76,982.8,2775.96,26502.3
Navsari,2023-12-01,8668.17,3686.01,4083.21,1103.3,718.38,4117.66,652.07,1533.79,997.93,2628.26,28188.78
Navsari,2024-01-01,8373.8,4040.9,4888.18,1262.73,577.18,3648.1,750.16,1000.28,1067.79,1748.68,27357.8
Navsari,2024-02-01,10310.56,2506.07,4077.56,1032.49,837.49,3260.98,622.54,1122.18,817.84,1836.12,26423.83
Navsari,2024-03-01,7046.32,3469.39,4457.2,1047.77,851.54,4721.66,710.97,1062.26,1060.01,2173.64,26600.76
Navsari,2024-04-01,7596.28,2576.02,4230.7,1284.3,742.9,2502.41,696.85,1909.38,1216.99,2942.7,25698.53
Navsari,2024-05-01,11826.87,3213.78,4465.36,1370.81,516.53,2701.43,653.79,1355.5,1125.36,2806.06,30035.49
Navsari,2024-06-01,7825.77,3274.68,3945.6,1296.76,989.46,4393.15,764.61,1127.87,1302.33,2849.62,27769.85
Navsari,2024-07-01,10871.38,4303.71,3797.2,1442.1,772.12,2630.51,566.53,1484.45,1279.47,1812.3,28959.77
Navsari,2024-08-01,10454.76,3490.44,4186.42,1452.68,667.98,4526.04,510.6,1255.65,1022.86,2849.57,30417.0
Navsari,2024-09-01,7045.79,2913.64,3761.03,1499.24,702.68,3392.64,631.03,1680.91,845.42,1734.1,24206.48
Navsari,2024-10-01,8198.22,2763.83,4711.95,1117.38,542.96,4689.13,574.1,1698.94,1330.31,2243.18,27870.0
Navsari,2024-11-01,11490.55,3414.13,3811.78,1252.1,659.38,3155.44,772.21,1792.8,1329.46,1622.65,29300.5
Navsari,2024-12-01,9411.21,3641.8,4142.93,1075.73,828.37,4560.96,777.04,1523.05,1021.3,2250.35,29232.74
Navsari,2025-01-01,11939.88,4151.91,4191.71,1131.21,615.91,4980.56,736.29,1954.81,870.4,2948.81,33521.49
Navsari,2025-02-01,10869.44,2661.76,4807.1,1381.5,926.29,3028.7,606.05,1103.61,1036.8,1549.9,27971.15
Navsari,2025-03-01,9564.98,3210.15,4494.46,1036.15,929.49,3630.55,643.18,1134.95,1271.19,2187.82,28102.92
Panchmahals,2023-01-01,8687.36,3787.33,3803.85,1445.1,879.01,3125.49,549.37,1708.81,1345.11,2347.85,27679.28
Panchmahals,2023-02-01,9700.62,3793.01,3818.53,1458.51,930.27,3168.47,791.9,1609.52,1284.5,2028.13,28583.46
Panchmahals,2023-03-01,8817.11,4077.74,4616.15,1157.7,911.55,4798.39,775.93,1466.33,922.98,2206.52,29750.4
Panchmahals,2023-04-01,10683.78,3672.8,4420.16,1248.85,590.34,4726.5,755.87,1487.53,1427.54,2666.77,31680.14
Panchmahals,2023-05-01,9484.29,3392.89,3891.22,1198.88,805.54,4350.79,750.53,1798.27,1476.61,1957.92,29106.94
Panchmahals,2023-06-01,7002.69,4149.28,4085.1,1451.06,918.18,3549.01,793.23,1674.37,897.36,1895.64,26415.92
Panchmahals,2023-07-01,7522.15,3355.63,4334.67,1068.25,949.6,2565.38,632.0,1766.53,1012.58,1937.94,25144.73
Panchmahals,2023-08-01,7666.22,3414.03,4501.6,1305.96,514.78,4490.7,562.37,1174.04,856.45,2790.86,27277.01
Panchmahals,2023-09-01,10499.69,3323.31,4134.44,1130.82,536.46,2677.16,500.24,1928.19,1287.83,2120.0,28138.14
Panchmahals,2023-10-01,10284.98,2912.0,4996.21,1173.48,698.28,3365.96,669.38,1284.78,1012.71,2786.38,29184.16
Panchmahals,2023-11-01,8320.63,2799.75,4971.16,1047.09,635.41,3776.04,709.25,1600.14,1428.22,1872.86,27160.55
Panchmahals,2023-12-01,11138.07,3040.48,4610.11,1299.45,984.43,3187.26,536.29,1960.67,1496.04,1726.63,29979.43
Panchmahals,2024-01-01,10546.98,3834.72,4530.71,1153.08,851.42,4824.78,602.95,1058.31,1419.76,1626.48,30449.19
Panchmahals,2024-02-01,7349.74,2752.16,4516.91,1441.39,750.97,4222.46,797.37,1098.89,1493.03,2303.07,26725.99
Panchmahals,2024-03-01,9782.16,3613.11,4763.58,1159.0,720.78,2549.86,626.33,1970.89,1468.39,2238.63,28892.73
Panchmahals,2024-04-01,8447.96,3521.0,3922.45,1124.75,564.75,3025.85,787.13,1409.45,1316.88,2990.03,27110.25
Panchmahals,2024-05-01,10276.46,4427.48,4494.12,1130.97,753.47,3839.26,512.68,1669.36,828.47,2452.61,30384.88
Panchmahals,2024-06-01,9846.53,2771.14,3661.48,1392.86,798.24,4587.2,641.54,1827.02,1240.41,2068.79,28835.21
Panchmahals,2024-07-01,11721.05,3835.36,4083.08,1003.46,701.85,3214.88,600.89,1036.42,940.67,2468.1,29605.76
Panchmahals,2024-08-01,8885.48,2817.82,4182.93,1088.89,835.79,3644.76,735.44,1768.6,933.93,2257.18,27150.82
Panchmahals,2024-09-01,8890.56,4354.58,4081.68,1483.13,621.39,3856.47,549.25,1583.35,1441.23,2545.06,29406.7
Panchmahals,2024-10-01,11797.14,4436.53,4778.37,1429.13,549.3,4440.96,580.45,1306.13,1240.78,2122.77,32681.56
Panchmahals,2024-11-01,8779.07,4363.84,3549.72,1219.15,507.95,3703.65,749.26,1680.42,1445.93,1875.55,27874.54
Panchmahals,2024-12-01,9420.19,3133.23,3739.21,1201.05,650.23,4449.73,716.5,1161.22,1129.12,2352.96,27953.44
Panchmahals,2025-01-01,9464.13,3841.82,3605.15,1295.62,844.19,3403.85,577.85,1328.61,1486.28,2676.44,28523.94
Panchmahals,2025-02-01,9336.75,2895.16,4686.11,1075.99,597.79,3661.78,728.49,1823.05,964.81,1975.02,27744.95
Panchmahals,2025-03-01,8331.31,3126.58,3529.92,1020.53,953.25,4881.71,507.06,1577.14,1103.95,2436.31,27467.76
Patan,2023-01-01,8253.02,3486.33,4600.02,1494.26,525.06,4155.8,699.52,1247.79,1291.96,1926.24,27680.0
Patan,2023-02-01,9579.23,3433.74,4871.55,1140.69,726.26,3606.65,764.03,1862.0,1253.55,1604.18,28841.88
Patan,2023-03-01,9831.19,2500.69,3747.06,1463.55,760.04,4241.52,637.63,1385.73,1020.18,2333.46,27921.05
Patan,2023-04-01,10009.76,2874.68,4735.06,1272.5,565.98,3676.77,586.53,1957.36,962.29,1544.99,28185.92
Patan,2023-05-01,11524.34,4041.22,4490.18,1221.52,525.05,3504.93,548.77,1616.98,891.47,1987.53,30351.99
Patan,2023-06-01,9874.45,4145.14,4961.13,1348.94,931.02,3151.15,518.48,1181.16,1229.13,2066.85,29407.45
Patan,2023-07-01,10916.08,3142.17,4725.48,1375.73,673.58,4773.37,680.53,1037.96,1442.17,2707.4,31474.47
Patan,2023-08-01,7256.47,4299.8,4686.56,1286.45,792.97,4780.39,669.86,1418.75,951.94,1606.89,27750.08
Patan,2023-09-01,8853.29,3315.48,3925.43,1490.62,885.41,4779.3,645.84,1521.69,1449.46,2981.07,29847.59
Patan,2023-10-01,7056.95,4429.68,4112.07,1070.52,800.69,3051.19,746.82,1915.73,1368.87,1740.39,26292.91
Patan,2023-11-01,7478.36,4382.57,3515.02,1038.89,881.18,2873.23,792.31,1396.76,1141.26,1528.69,25028.27
Patan,2023-12-01,8759.59,4331.81,4523.59,1050.38,581.96,3825.86,504.92,1329.83,973.94,2211.24,28093.12
Patan,2024-01-01,7233.9,3717.74,4231.09,1278.43,593.63,4910.28,684.1,1694.23,1067.31,2021.11,27431.82
Patan,2024-02-01,10526.53,3481.61,3733.53,1135.89,830.36,4078.65,606.45,1585.71,1245.39,2582.46,29806.58
Patan,2024-03-01,9039.76,4096.81,4032.55,1078.36,899.18,4996.37,773.0,1327.27,1313.25,2398.59,29955.14
Patan,2024-04-01,11608.39,3278.98,3725.5,1108.55,631.51,4970.22,542.15,1376.33,1444.21,2682.02,31367.86
Patan,2024-05-01,11428.42,4019.16,3567.48,1049.66,554.61,3270.79,505.36,1120.06,1178.19,1936.58,28630.31
Patan,2024-06-01,8854.24,3335.08,4923.6,1464.69,657.72,4367.89,739.43,1419.28,1094.53,1921.79,28778.25
Patan,2024-07-01,10292.83,2768.23,4773.13,1070.2,585.18,4573.4,534.43,1066.32,1278.58,2189.02,29131.32
Patan,2024-08-01,8287.54,3138.59,4484.83,1063.04,770.61,4921.87,756.32,1470.61,1305.07,2800.94,28999.42
Patan,2024-09-01,7483.91,3332.32,4400.15,1079.77,889.69,3277.61,627.44,1657.74,1259.2,2164.27,26172.1
Patan,2024-10-01,11611.56,3857.99,4751.31,1219.8,696.91,3663.5,664.43,1147.83,1207.37,2662.36,31483.06
Patan,2024-11-01,11561.06,4216.76,3875.66,1028.77,526.49,4747.73,740.53,1654.17,1392.64,1755.08,31498.89
Patan,2024-12-01,7562.71,3788.43,4043.17,1272.73,847.54,3349.32,778.02,1022.46,1089.37,2794.43,26548.18
Patan,2025-01-01,9499.02,3008.52,4916.59,1360.89,736.93,2687.27,742.91,1533.79,1213.89,2553.93,28253.74
Patan,2025-02-01,10746.94,4020.08,4982.77,1386.81,939.47,4496.59,777.71,1385.59,1022.55,2555.32,32313.83
Patan,2025-03-01,9768.41,4245.45,4138.38,1261.82,873.91,3924.08,602.22,1430.12,1284.71,2084.38,29613.48
Porbandar,2023-01-01,7854.71,2797.76,3873.07,1059.33,515.9,4004.63,540.6,1165.0,1384.42,1836.56,25031.98
Porbandar,2023-02-01,11903.61,4081.3,3578.61,1183.22,680.55,2711.8,656.33,1206.78,1263.97,2292.17,29558.34
Porbandar,2023-03-01,9569.22,4169.37,3969.75,1308.53,788.07,2931.72,679.92,1992.85,912.43,1753.83,28075.69
Porbandar,2023-04-01,11506.31,4103.48,4005.51,1478.36,595.59,3184.82,600.73,1452.93,987.57,1987.02,29902.32
Porbandar,2023-05-01,10643.98,2643.13,3515.77,1108.3,601.33,3402.09,792.67,1904.16,904.47,1879.26,27395.16
Porbandar,2023-06-01,10618.22,2740.79,4231.6,1470.76,777.12,4209.37,574.48,1912.61,1293.38,2230.97,30059.3
Porbandar,2023-07-01,9676.18,3531.62,4329.82,1329.11,609.47,4424.93,698.75,1418.42,1042.4,2186.57,29247.27
Porbandar,2023-08-01,9621.17,4387.96,4695.76,1143.07,886.02,3444.68,684.02,1116.06,1007.22,2448.08,29434.04
Porbandar,2023-09-01,11022.36,3835.81,4112.26,1325.71,592.75,3444.59,695.48,1076.72,1179.49,2903.87,30189.04
Porbandar,2023-10-01,7790.89,4211.0,4094.09,1256.37,702.73,2652.74,740.89,1454.04,1318.53,2576.21,26797.49
Porbandar,2023-11-01,7080.61,2849.36,4978.81,1456.54,563.56,2514.41,621.8,1838.93,1054.88,2293.53,25252.43
Porbandar,2023-12-01,11979.49,3360.06,3692.61,1267.49,698.96,2991.07,793.61,1240.2,1295.28,1842.78,29161.55
Porbandar,2024-01-01,11532.5,3341.18,3594.2,1108.49,781.95,3497.07,734.52,1301.28,890.68,2902.14,29684.01
Porbandar,2024-02-01,9562.47,2731.77,4252.9,1215.06,542.32,4494.72,525.84,1404.51,1159.37,2064.77,27953.73
Porbandar,2024-03-01,8503.18,4428.51,4450.39,1472.59,604.33,4074.3,525.06,1132.58,1451.14,2807.72,29449.8
Porbandar,2024-04-01,8156.34,3725.89,3872.81,1264.15,818.08,4155.66,703.24,1006.29,1428.15,1933.42,27064.03
Porbandar,2024-05-01,8889.32,3489.25,4595.29,1270.94,992.63,2535.25,547.91,1212.63,1304.68,2218.97,27056.87
Porbandar,2024-06-01,11543.78,3137.71,3648.84,1272.59,527.51,3161.75,707.28,1673.3,1404.85,1738.12,28815.73
Porbandar,2024-07-01,8554.05,3341.32,4283.82,1129.86,832.73,4652.5,712.54,1321.7,956.16,2891.1,28675.78
Porbandar,2024-08-01,10210.08,3259.05,3791.07,1242.15,548.61,3355.37,615.4,1083.98,995.12,2158.72,27259.55
Porbandar,2024-09-01,8860.17,2949.77,4913.25,1446.39,787.66,3375.05,586.47,1313.82,1444.88,2486.79,28164.25
Porbandar,2024-10-01,8580.63,2593.93,4883.52,1217.71,557.99,4201.7,765.33,1053.11,830.3,1673.02,26357.24
Porbandar,2024-11-01,7199.24,2731.66,3656.93,1158.66,860.07,2915.84,681.82,1714.96,848.38,2266.21,24033.77
Porbandar,2024-12-01,9182.43,3849.13,4016.64,1381.4,794.72,2779.83,790.92,1906.43,1332.9,2696.51,28730.91
Porbandar,2025-01-01,9961.64,2797.7,3613.86,1307.92,964.64,4307.43,508.0,1803.01,1122.06,2356.43,28742.69
Porbandar,2025-02-01,11592.3,3621.13,4515.92,1039.7,753.48,3849.68,785.65,1491.26,1000.93,1989.63,30639.68
Porbandar,2025-03-01,8808.71,3826.89,4025.46,1337.53,651.75,4302.73,746.65,1350.79,1171.39,1796.63,28018.53
Rajkot,2023-01-01,7554.71,3263.25,3850.17,1477.97,787.38,3613.88,590.2,1504.02,952.73,1732.24,25326.55
Rajkot,2023-02-01,9078.9,4122.05,4877.88,1168.02,702.97,4063.72,781.57,1819.4,935.05,2842.43,30391.99
Rajkot,2023-03-01,8775.54,3304.13,3874.16,1466.61,991.0,4217.88,564.92,1538.1,1346.67,1663.71,27742.72
Rajkot,2023-04-01,9238.11,2797.77,4268.32,1162.34,513.9,3299.27,623.95,1083.61,957.97,2060.18,26005.42
Rajkot,2023-05-01,10160.9,4052.35,4656.42,1328.7,680.15,2902.58,569.05,1573.76,812.5,2724.45,29460.86
Rajkot,2023-06-01,11774.77,2503.7,4048.62,1238.71,505.0,2746.65,509.95,1254.78,1153.22,2721.54,28456.94
Rajkot,2023-07-01,8265.8,4046.56,3512.18,1157.11,636.23,2868.76,654.64,1643.33,1178.1,1697.39,25660.1
Rajkot,2023-08-01,9871.56,2736.15,4392.52,1215.15,747.07,2946.45,548.06,1093.15,1224.05,1699.9,26474.06
Rajkot,2023-09-01,10966.85,2988.06,3670.93,1092.19,941.18,3873.68,595.72,1353.03,1348.78,1911.68,28742.1
Rajkot,2023-10-01,10210.4,4194.61,3560.99,1093.76,963.43,2953.42,789.52,1598.15,894.44,2241.69,28500.41
Rajkot,2023-11-01,11854.58,3980.58,4439.36,1454.83,771.3,4860.05,572.06,1397.67,1179.22,2689.34,33198.99
Rajkot,2023-12-01,10581.92,3183.35,4266.53,1468.61,558.48,2508.54,628.29,1095.51,1180.23,1871.35,27342.81
Rajkot,2024-01-01,9873.02,4469.9,4964.13,1215.3,754.03,4939.46,672.22,1650.74,1131.95,1940.6,31611.35
Rajkot,2024-02-01,10494.46,3353.62,4174.63,1411.23,749.22,2906.54,787.44,1103.94,1468.32,2717.68,29167.08
Rajkot,2024-03-01,8990.27,2715.63,4635.61,1481.9,787.59,2745.22,727.56,1888.13,1462.37,2924.57,28358.85
Rajkot,2024-04-01,8301.8,3330.69,4554.39,1314.36,696.57,3932.5,575.89,1398.17,1387.11,1690.24,27181.72
Rajkot,2024-05-01,7023.21,3626.67,4634.78,1143.16,616.1,4809.29,780.08,1919.26,1447.2,1753.64,27753.39
Rajkot,2024-06-01,7950.31,3064.46,3623.4,1175.23,863.08,3316.1,593.12,1572.31,1180.01,2170.09,25508.11
Rajkot,2024-07-01,11734.97,4084.82,3904.18,1394.05,938.87,3964.47,796.6,1621.45,1015.81,2065.59,31520.81
Rajkot,2024-08-01,10881.33,3460.06,3855.42,1230.15,802.86,3857.73,608.5,1588.25,1045.86,2038.77,29368.93
Rajkot,2024-09-01,8790.2,3683.02,4923.48,1138.41,649.3,4148.33,685.41,1840.94,837.13,2950.65,29646.87
Rajkot,2024-10-01,7617.48,4473.04,4392.55,1332.85,902.31,2590.45,668.37,1815.82,1052.35,2744.8,27590.02
Rajkot,2024-11-01,10247.55,4320.58,3750.1,1242.66,680.96,3994.27,533.84,1960.36,1274.36,1603.6,29608.28
Rajkot,2024-12-01,8667.11,3312.73,4527.35,1213.39,773.99,4922.56,573.0,1561.35,1321.37,2855.2,29728.05
Rajkot,2025-01-01,9789.2,3219.95,4133.55,1476.75,535.23,2765.75,601.04,1856.05,1359.02,2531.38,28267.92
Rajkot,2025-02-01,10603.84,3056.3,4027.42,1499.4,938.53,4440.38,589.83,1469.46,1130.71,2048.28,29804.15
Rajkot,2025-03-01,8577.16,3566.34,4262.42,1428.12,518.38,3917.18,789.3,1507.01,820.11,1688.01,27074.03
Sabarkantha,2023-01-01,10409.16,3127.53,4724.49,1417.39,535.21,4687.4,569.56,1967.26,1334.24,2259.2,31031.44
Sabarkantha,2023-02-01,11038.27,2790.0,3861.1,1204.52,632.33,4114.37,763.59,1863.06,1335.21,2869.49,30471.94
Sabarkantha,2023-03-01,10729.28,4021.75,3745.45,1267.32,606.28,3664.3,707.59,1354.72,861.09,1513.34,28471.12
Sabarkantha,2023-04-01,9755.45,3215.5,4909.96,1168.27,993.02,4468.85,569.9,1424.8,1444.33,2667.36,30617.44
Sabarkantha,2023-05-01,11387.04,4324.77,4617.45,1095.04,725.45,4364.8,637.99,1045.25,1462.34,2182.69,31842.82
Sabarkantha,2023-06-01,10967.23,3479.39,4904.87,1082.59,615.98,2578.11,784.47,1672.71,1145.33,2395.16,29625.84
Sabarkantha,2023-07-01,11146.54,2530.9,4288.67,1175.61,725.85,4299.33,669.67,1866.89,938.42,2334.9,29976.78
Sabarkantha,2023-08-01,10412.53,3613.04,4208.08,1168.29,724.2,2702.92,592.0,1573.78,1472.29,2331.34,28798.47
Sabarkantha,2023-09-01,9182.91,3021.37,4890.01,1065.47,867.9,4670.12,790.75,1017.78,807.72,2914.28,29228.31
Sabarkantha,2023-10-01,8881.29,4234.1,4208.02,1039.76,960.88,2794.04,760.53,1278.84,1462.8,2595.54,28215.8
Sabarkantha,2023-11-01,9505.58,3192.01,4266.94,1390.27,936.54,3583.07,518.46,1671.83,997.58,2124.84,28187.12
Sabarkantha,2023-12-01,7125.27,3257.42,3500.83,1433.85,663.87,3524.42,695.43,1118.96,1044.53,2425.57,24790.15
Sabarkantha,2024-01-01,8842.72,2664.31,4797.06,1484.45,537.44,4123.88,592.98,1256.76,1062.84,2092.28,27454.72
Sabarkantha,2024-02-01,11285.5,2967.77,4606.87,1160.34,902.32,4510.91,508.7,1811.85,1226.24,2995.55,31976.05
Sabarkantha,2024-03-01,10334.22,3384.95,4639.15,1428.71,674.51,3419.56,515.38,1646.22,945.58,2887.08,29875.36
Sabarkantha,2024-04-01,11727.77,4317.93,4237.22,1253.93,539.4,3693.97,585.79,1857.66,1384.02,2084.87,31682.56
Sabarkantha,2024-05-01,7150.92,3689.17,3596.9,1200.97,916.49,4000.6,783.61,1879.87,1363.53,2941.37,27523.43
Sabarkantha,2024-06-01,9558.07,4146.89,3933.31,1018.19,572.5,3059.96,687.26,1069.67,1147.77,2077.59,27271.21
Sabarkantha,2024-07-01,8987.18,4012.97,4723.2,1361.76,800.51,3925.59,557.11,1075.82,983.74,1686.06,28113.94
Sabarkantha,2024-08-01,7744.22,3721.82,4621.91,1007.59,665.77,2753.56,614.61,1167.92,1434.96,1977.83,25710.19
Sabarkantha,2024-09-01,11623.85,3476.83,4090.8,1066.66,849.87,3823.41,585.88,1487.52,1373.99,2609.97,30988.78
Sabarkantha,2024-10-01,10680.43,3435.45,3812.26,1199.37,620.46,4194.1,619.03,1905.5,867.29,2393.72,29727.61
Sabarkantha,2024-11-01,8261.35,3034.74,4531.38,1446.99,714.45,2817.7,518.57,1081.75,1286.79,2627.75,26321.47
Sabarkantha,2024-12-01,11834.07,4106.53,4686.3,1253.15,521.3,3223.92,552.47,1605.87,945.4,1987.27,30716.28
Sabarkantha,2025-01-01,8139.69,3479.68,3892.74,1166.71,556.91,2915.66,769.11,1785.21,1208.58,1759.76,25674.05
Sabarkantha,2025-02-01,9647.97,3316.6,4427.19,1381.83,958.84,4103.97,690.35,1083.25,870.98,1656.87,28137.85
Sabarkantha,2025-03-01,10754.69,2618.28,3939.45,1284.17,594.44,4679.47,540.27,1532.07,1253.62,1950.76,29147.22
Surat,2023-01-01,8289.42,3506.42,4687.6,1171.75,834.0,2757.34,707.71,1484.2,916.39,1967.12,26321.95
Surat,2023-02-01,10470.9,2800.48,4220.54,1442.59,907.38,2964.51,661.82,1759.52,1397.61,2659.88,29285.23
Surat,2023-03-01,10258.44,3049.54,3766.39,1177.67,929.56,4139.59,742.77,1453.3,1019.4,2954.65,29491.31
Surat,2023-04-01,9789.49,3873.86,3992.2,1320.28,601.44,3603.05,658.0,1513.41,1214.6,2927.05,29493.38
Surat,2023-05-01,8433.98,3510.87,4945.33,1458.85,783.19,3671.62,655.53,1179.23,1269.81,2072.44,27980.85
Surat,2023-06-01,8842.34,4233.28,4932.76,1392.56,550.41,3054.19,649.39,1860.55,1371.39,1740.94,28627.81
Surat,2023-07-01,8106.08,3420.17,3552.04,1357.38,776.28,4495.76,607.43,1710.58,1452.91,2533.18,28011.81
Surat,2023-08-01,7924.66,4404.3,3908.63,1159.96,710.99,4016.33,545.11,1249.82,1460.58,1598.22,26978.6
Surat,2023-09-01,7518.66,3673.91,4181.66,1152.27,728.81,4307.5,654.25,1859.12,914.52,2996.36,27987.06
Surat,2023-10-01,10120.24,2871.26,4986.49,1379.87,803.93,3168.09,707.16,1885.16,972.02,2440.4,29334.62
Surat,2023-11-01,7005.4,3991.49,4516.27,1405.12,777.11,2953.75,647.67,1886.63,856.62,1935.39,25975.45
Surat,2023-12-01,7485.09,3645.73,4324.34,1410.83,979.29,4709.19,785.46,1620.2,1039.66,2433.42,28433.21
Surat,2024-01-01,9079.06,2680.15,4377.25,1183.16,627.82,3537.21,589.35,1148.86,892.2,2831.25,26946.31
Surat,2024-02-01,9326.77,2703.37,3812.04,1030.98,685.65,4100.98,532.2,1902.62,971.8,1870.33,26936.74
Surat,2024-03-01,7943.58,3044.32,3915.17,1173.1,830.03,3059.08,509.19,1230.98,1280.77,2201.92,25188.14
Surat,2024-04-01,8603.1,4091.05,4024.6,1160.18,917.49,3774.68,693.95,1004.8,1480.15,2350.44,28100.44
Surat,2024-05-01,9706.61,4190.02,3640.79,1428.33,585.59,2747.77,735.66,1627.41,952.0,1687.66,27301.84
Surat,2024-06-01,11270.28,2749.22,4546.83,1221.23,696.79,2963.58,710.82,1489.02,1122.38,2442.34,29212.49
Surat,2024-07-01,8396.19,4052.17,4419.35,1209.96,678.02,2531.49,672.3,1682.94,1345.99,1624.51,26612.92
Surat,2024-08-01,10249.89,2729.78,4855.5,1430.11,895.01,3211.08,616.83,1371.46,1187.42,1734.01,28281.09
Surat,2024-09-01,11935.01,3107.66,4122.92,1391.99,811.7,2769.93,682.82,1754.68,1144.16,2673.19,30394.06
Surat,2024-10-01,9623.23,4307.67,4898.47,1371.86,971.9,4600.75,607.14,1595.49,1260.36,2695.04,31931.91
Surat,2024-11-01,7739.17,2884.9,3675.36,1349.24,699.98,4738.06,721.19,1441.5,1480.54,1755.77,26485.71
Surat,2024-12-01,7962.2,2610.93,4185.54,1462.7,869.65,3049.66,631.83,1950.32,1083.26,2263.2,26069.29
Surat,2025-01-01,7335.44,3508.62,4134.52,1158.94,557.6,3784.09,653.9,1153.39,1322.13,2015.9,25624.53
Surat,2025-02-01,9934.48,2510.91,4521.76,1050.22,887.03,3106.9,578.49,1237.36,1241.74,2842.56,27911.45
Surat,2025-03-01,11566.63,3594.36,4633.38,1101.63,504.71,2810.99,506.76,1614.54,1305.05,1706.47,29344.52
Surendranagar,2023-01-01,11089.04,3992.62,3787.16,1455.62,543.97,3658.07,574.64,1352.38,1331.93,1621.09,29406.52
Surendranagar,2023-02-01,10584.94,2562.34,4907.1,1031.36,639.15,3954.43,617.24,1333.44,958.42,2694.92,29283.34
Surendranagar,2023-03-01,11229.5,3183.07,4959.06,1020.83,586.48,3093.35,608.25,1722.54,899.2,1625.01,28927.29
Surendranagar,2023-04-01,11839.32,3854.9,4186.9,1198.11,983.15,4719.53,622.91,1357.09,1021.64,2129.44,31912.99
Surendranagar,2023-05-01,11760.03,2578.19,4526.76,1198.55,884.61,4136.26,656.65,1317.19,1356.29,2295.36,30709.89
Surendranagar,2023-06-01,10030.49,4308.47,4069.68,1440.79,694.79,3235.62,669.98,1461.65,1009.53,2268.38,29189.38
Surendranagar,2023-07-01,9269.32,2960.16,4770.92,1422.05,872.87,3672.13,568.7,1537.32,950.45,1511.5,27535.42
Surendranagar,2023-08-01,10058.27,3208.25,3817.85,1463.47,718.13,4160.99,783.98,1459.16,820.25,1897.09,28387.44
Surendranagar,2023-09-01,10416.5,3130.67,4375.66,1108.58,679.49,2693.57,674.89,1101.03,1386.76,2551.47,28118.62
Surendranagar,2023-10-01,7828.47,2576.4,3660.55,1237.75,964.73,3630.99,662.75,1823.34,1313.88,1549.55,25248.41
Surendranagar,2023-11-01,11612.56,3302.0,3613.79,1346.49,537.28,4636.35,522.46,1447.96,1368.76,1554.78,29942.43
Surendranagar,2023-12-01,9627.29,4133.95,3906.85,1488.6,854.67,3798.4,571.45,1807.34,904.74,2318.52,29411.81
Surendranagar,2024-01-01,7929.27,4302.71,3937.11,1359.35,936.7,3972.47,767.13,1515.67,1063.28,2123.43,27907.12
Surendranagar,2024-02-01,10696.19,4442.79,4820.39,1257.68,791.98,2852.36,694.28,1311.8,1206.11,2256.88,30330.46
Surendranagar,2024-03-01,9859.63,2668.22,4787.72,1229.76,859.61,4473.47,720.2,1433.32,1285.47,2713.88,30031.28
Surendranagar,2024-04-01,8113.25,3325.48,4902.35,1157.83,726.89,4267.92,752.5,1508.89,854.91,2533.88,28143.9
Surendranagar,2024-05-01,10440.2,3016.49,3549.37,1224.48,747.81,4108.61,689.54,1359.93,906.01,1688.55,27730.99
Surendranagar,2024-06-01,7164.41,3370.35,3846.22,1437.15,679.83,2510.43,568.49,1112.76,1174.14,1953.4,23817.18
Surendranagar,2024-07-01,10514.37,4376.77,4112.33,1250.76,597.2,3190.64,582.18,1140.75,1145.62,1707.22,28617.84
Surendranagar,2024-08-01,8213.22,3619.38,4850.17,1398.8,532.16,2673.14,519.23,1182.42,1029.36,2531.13,26549.01
Surendranagar,2024-09-01,7304.14,3189.16,3989.9,1063.47,670.02,4267.99,660.49,1051.39,1031.3,1882.08,25109.94
Surendranagar,2024-10-01,10690.58,3277.9,4437.8,1316.58,863.28,3648.24,725.63,1385.71,1191.98,1993.99,29531.69
Surendranagar,2024-11-01,10772.95,3178.19,4797.89,1417.64,820.49,4510.35,580.41,1288.69,995.72,2422.64,30784.97
Surendranagar,2024-12-01,11921.32,3755.44,4197.62,1175.1,791.93,2918.78,703.0,1816.5,1137.33,2891.51,31308.53
Surendranagar,2025-01-01,7950.59,3519.35,4534.09,1134.8,793.15,3372.83,604.54,1665.25,1145.81,1838.31,26558.72
Surendranagar,2025-02-01,8880.71,3513.59,3563.46,1113.21,870.06,3399.18,708.25,1179.28,806.24,1752.17,25786.15
Surendranagar,2025-03-01,8532.22,3465.61,4296.62,1291.79,918.15,4240.75,556.61,1708.33,876.99,2926.62,28813.69
Tapi,2023-01-01,8255.92,3894.93,3559.32,1315.13,821.94,3130.76,558.24,1530.74,1309.29,1738.66,26114.93
Tapi,2023-02-01,7709.55,2571.85,3788.84,1449.91,550.56,4093.39,505.52,1888.21,1068.57,2421.57,26047.97
Tapi,2023-03-01,9788.67,3928.48,4087.48,1007.0,552.93,2926.56,769.69,1865.77,919.2,2094.99,27940.77
Tapi,2023-04-01,10966.64,2890.17,4894.33,1255.52,969.07,4663.51,545.81,1135.98,1292.21,1607.47,30220.71
Tapi,2023-05-01,8191.74,3386.92,4584.89,1472.43,757.13,4618.33,517.04,1918.15,1307.92,2464.83,29219.38
Tapi,2023-06-01,10944.96,3146.13,4281.89,1395.21,512.36,3773.93,566.93,1321.22,1439.95,2335.01,29717.59
Tapi,2023-07-01,9022.64,3040.74,3957.71,1007.87,534.56,3476.95,632.2,1696.72,822.92,2272.36,26464.67
Tapi,2023-08-01,10355.03,2740.36,4638.89,1138.04,801.32,3005.9,746.45,1091.64,1288.99,1750.63,27557.25
Tapi,2023-09-01,10359.5,3767.52,4645.64,1351.28,946.56,4189.13,691.29,1826.57,801.02,2807.91,31386.42
Tapi,2023-10-01,10812.91,4453.81,3628.14,1171.52,826.55,3260.94,729.83,1790.97,1263.49,2161.35,30099.51
Tapi,2023-11-01,7522.1,3341.34,4828.65,1196.56,942.27,2527.89,727.77,1560.89,1450.09,1732.37,25829.93
Tapi,2023-12-01,10948.68,3743.1,4303.55,1346.86,674.09,3432.76,744.4,1114.49,841.97,1531.28,28681.18
Tapi,2024-01-01,10414.4,3649.93,3653.05,1058.46,563.95,4273.56,535.63,1974.82,1370.24,1502.27,28996.31
Tapi,2024-02-01,11295.12,2881.66,4650.97,1462.56,539.55,4676.7,731.53,1724.99,1344.62,1547.44,30855.14
Tapi,2024-03-01,8079.65,3069.2,4472.23,1322.77,769.37,3785.07,705.91,1648.56,1448.2,1655.11,26956.07
Tapi,2024-04-01,7231.27,4451.85,3579.02,1260.23,679.53,3426.48,603.01,1631.21,886.67,1840.33,25589.6
Tapi,2024-05-01,8563.7,3146.41,3807.91,1131.89,715.4,2951.62,643.18,1462.73,875.77,2758.36,26056.97
Tapi,2024-06-01,11851.3,3642.19,3939.84,1237.5,913.61,3718.84,654.11,1214.01,1499.9,2248.51,30919.81
Tapi,2024-07-01,10752.9,2869.78,4201.5,1444.07,852.8,3142.13,760.38,1875.08,1042.21,2797.27,29738.12
Tapi,2024-08-01,7861.82,3787.7,3857.75,1071.64,511.31,4346.53,622.6,1922.38,830.33,1727.94,26540.0
Tapi,2024-09-01,10591.69,3680.66,3953.46,1067.57,682.4,3341.3,526.98,1408.67,1069.76,1904.34,28226.83
Tapi,2024-10-01,9486.23,3632.47,4208.26,1424.3,752.87,2634.67,792.29,1780.37,942.76,2918.5,28572.72
Tapi,2024-11-01,10524.27,4115.99,4070.34,1204.17,777.94,4929.62,524.11,1623.19,1063.41,2315.77,31148.81
Tapi,2024-12-01,10554.83,3017.96,3870.6,1498.38,633.0,3222.67,798.76,1193.3,1338.77,2948.71,29076.98
Tapi,2025-01-01,8954.57,3699.93,4973.61,1066.86,624.15,2925.34,550.26,1909.65,1487.16,1500.23,27691.76
Tapi,2025-02-01,7157.74,3197.3,3811.42,1109.55,708.57,2718.05,751.05,1792.15,819.23,2314.79,24379.85
Tapi,2025-03-01,8166.9,2884.33,3590.05,1235.39,695.65,3551.69,515.9,1783.77,1039.3,1729.04,25192.02
Vadodara,2023-01-01,10593.78,4321.02,4061.32,1160.24,635.41,4479.98,796.86,1946.99,891.24,2925.56,31812.4
Vadodara,2023-02-01,11383.0,2629.85,4304.09,1179.06,889.55,3931.23,655.84,1246.54,885.27,2739.99,29844.42
Vadodara,2023-03-01,8752.03,2604.13,3562.8,1377.96,619.05,4970.69,711.68,1791.34,1029.64,2423.83,27843.15
Vadodara,2023-04-01,10821.21,3241.07,4194.67,1318.56,509.86,3676.11,652.65,1905.78,1176.97,1773.35,29270.23
Vadodara,2023-05-01,11475.79,3368.55,4588.65,1145.96,955.39,3831.68,775.57,1053.6,942.8,1953.12,30091.11
Vadodara,2023-06-01,10841.5,4324.11,4747.15,1423.18,665.35,4447.25,535.03,1042.31,1065.01,1950.26,31041.15
Vadodara,2023-07-01,11784.33,2757.21,4717.53,1495.22,652.98,3034.4,682.92,1471.34,1393.5,2874.8,30864.23
Vadodara,2023-08-01,8183.14,2917.29,3972.75,1038.53,999.05,4052.51,596.55,1795.8,888.03,2477.32,26920.97
Vadodara,2023-09-01,11193.77,4143.86,3975.68,1012.66,880.18,4837.7,765.13,1370.77,1083.7,1961.51,31224.96
Vadodara,2023-10-01,11092.3,3055.98,3994.92,1447.03,862.05,4118.12,573.08,1835.2,1215.36,2102.77,30296.81
Vadodara,2023-11-01,9627.05,3297.21,3683.97,1022.91,643.21,4868.41,645.0,1381.62,1365.39,2769.11,29303.88
Vadodara,2023-12-01,8560.04,3864.17,4404.32,1248.63,902.78,4594.66,696.69,1247.57,814.05,2229.08,28561.99
Vadodara,2024-01-01,7730.27,2570.77,4613.37,1372.7,836.94,3190.78,654.19,1769.78,1101.31,1835.15,25675.26
Vadodara,2024-02-01,10210.48,2879.31,4853.34,1395.92,708.82,2693.59,570.94,1080.03,1149.55,2999.62,28541.6
Vadodara,2024-03-01,11318.22,4269.59,4743.22,1286.56,874.31,4078.71,574.13,1485.52,1316.41,2768.51,32715.18
Vadodara,2024-04-01,10680.93,3503.55,4539.32,1240.23,871.15,4813.76,531.85,1844.25,890.26,1747.22,30662.52
Vadodara,2024-05-01,10840.75,3125.76,4328.05,1120.65,519.24,4714.63,573.6,1852.54,1488.44,1952.02,30515.68
Vadodara,2024-06-01,7377.16,3754.72,4247.73,1318.93,912.21,2721.58,618.42,1315.01,865.7,2877.76,26009.22
Vadodara,2024-07-01,8413.85,4381.89,4824.7,1434.69,863.2,4125.65,711.03,1662.98,833.45,2005.73,29257.17
Vadodara,2024-08-01,8474.11,4276.22,4117.63,1356.46,584.34,3382.3,740.81,1283.54,1166.49,2911.34,28293.24
Vadodara,2024-09-01,7484.61,3855.85,4908.89,1194.41,700.85,4846.09,580.8,1484.13,1115.78,2713.1,28884.51
Vadodara,2024-10-01,7347.89,3710.46,4489.44,1009.32,751.77,3197.63,641.68,1508.38,1416.38,2986.4,27059.35
Vadodara,2024-11-01,11115.58,2595.27,4014.4,1290.59,544.38,4133.41,786.42,1417.38,961.87,2250.35,29109.65
Vadodara,2024-12-01,10023.21,2793.45,4891.37,1193.04,734.43,4650.35,775.46,1236.35,1053.87,2001.92,29353.45
Vadodara,2025-01-01,9173.44,2919.47,4160.59,1485.1,830.29,4744.48,792.4,1448.14,908.97,2109.31,28572.19
Vadodara,2025-02-01,8551.83,3771.0,4749.92,1017.99,779.32,3489.37,647.14,1263.38,862.55,2955.5,28088.0
Vadodara,2025-03-01,8212.05,4254.9,3531.47,1389.07,680.94,3476.22,749.16,1830.87,1024.55,2622.97,27772.2
Valsad,2023-01-01,8586.08,3492.92,4970.23,1042.0,746.06,4694.09,703.57,1907.98,1403.27,2537.57,30083.77
Valsad,2023-02-01,11645.63,3014.81,3789.06,1249.3,534.97,3302.54,635.15,1316.76,1246.28,2385.13,29119.63
Valsad,2023-03-01,7301.16,3959.67,4325.46,1227.67,579.81,4152.33,652.68,1496.68,1493.6,2994.56,28183.62
Valsad,2023-04-01,11700.81,3330.18,4545.95,1200.28,625.25,2965.62,542.23,1975.9,801.85,2824.44,30512.51
Valsad,2023-05-01,7293.72,4263.17,4239.27,1426.0,874.24,3045.1,668.04,1494.4,1213.07,2097.07,26614.08
Valsad,2023-06-01,7395.99,3487.43,4250.86,1095.65,638.99,2664.7,752.91,1482.35,1214.98,2953.09,25936.95
Valsad,2023-07-01,7247.29,3720.79,3582.23,1163.27,640.34,3894.51,775.54,1470.29,924.38,1789.78,25208.42
Valsad,2023-08-01,7152.49,4039.13,4771.18,1135.66,716.45,2705.56,739.54,1788.9,1006.01,1613.0,25667.92
Valsad,2023-09-01,11159.51,4223.94,4618.86,1041.47,596.77,2568.93,587.2,1011.09,989.71,2726.38,29523.86
Valsad,2023-10-01,8335.71,2735.85,3933.51,1275.13,927.03,4262.45,678.64,1093.3,1346.96,2504.55,27093.13
Valsad,2023-11-01,7792.39,2938.26,3692.7,1485.18,502.79,3312.47,679.69,1871.0,926.68,2016.72,25217.88
Valsad,2023-12-01,9736.69,3332.63,3739.37,1190.41,608.94,3982.83,640.52,1542.03,1247.95,2668.63,28690.0
Valsad,2024-01-01,11472.92,4249.5,4170.39,1393.5,669.95,4760.07,641.06,1816.44,1391.0,2658.17,33223.0
Valsad,2024-02-01,11580.96,3378.69,4209.61,1132.67,902.99,4779.55,613.47,1168.51,1081.99,1569.44,30417.88
Valsad,2024-03-01,9288.23,2601.58,4418.6,1499.68,608.18,4116.55,652.26,1720.54,948.12,2462.58,28316.32
Valsad,2024-04-01,8167.26,2657.76,3579.05,1241.3,793.3,3682.29,590.55,1297.48,1021.91,1656.31,24687.21
Valsad,2024-05-01,10922.19,3707.95,4948.81,1465.75,875.73,2569.26,642.47,1647.79,907.93,2692.73,30380.61
Valsad,2024-06-01,8844.92,3576.16,3819.73,1275.19,727.68,4927.48,751.03,1015.82,925.97,2693.04,28557.02
Valsad,2024-07-01,7199.63,2882.13,4662.72,1329.81,733.15,3658.36,729.35,1367.17,1101.01,2684.93,26348.26
Valsad,2024-08-01,9046.23,4126.2,4355.2,1444.2,878.6,3301.31,508.58,1488.52,1062.27,1885.74,28096.85
Valsad,2024-09-01,8262.48,3057.9,4823.14,1303.41,913.05,4876.19,793.19,1516.94,1159.6,2168.39,28874.29
Valsad,2024-10-01,8672.07,4366.44,4642.76,1057.94,620.2,4595.25,536.14,1842.06,1092.1,2598.89,30023.85
Valsad,2024-11-01,11552.25,3261.63,4056.96,1271.45,790.25,3502.76,745.69,1227.22,1289.95,1607.07,29305.23
Valsad,2024-12-01,7212.7,3641.23,3973.33,1445.59,803.97,4071.56,775.11,1317.06,1359.04,1616.28,26215.87
Valsad,2025-01-01,10521.49,3521.97,4109.07,1343.57,605.36,3083.03,584.68,1691.51,995.85,2559.25,29015.78
Valsad,2025-02-01,8981.1,3277.37,3784.27,1208.77,609.68,2921.2,768.46,1009.47,898.45,1621.79,25080.56
Valsad,2025-03-01,11597.66,3871.13,3526.48,1468.47,773.51,3200.11,730.1,1859.73,1026.66,1696.81,29750.66
